,id_point,x_buffer,y_buffer
0,0,2612071.548,1269294.122
1,0,2612091.41629164,1269345.4079726173
2,0,2612108.6012604004,1269334.767490447
3,0,2612120.7819810244,1269318.6376095677
4,0,2612126.313379696,1269299.1967597704
5,0,2612124.4484103746,1269279.070535546
6,0,2612115.4389475,1269260.977094999
7,0,2612100.5017689583,1269247.3600575349
8,0,2612081.65422348,1269240.0584795175
9,0,2612061.44177652,1269240.0584795175
10,0,2612042.5942310416,1269247.3600575349
11,0,2612027.6570524997,1269260.977094999
12,0,2612018.6475896253,1269279.070535546
13,0,2612016.782620304,1269299.1967597704
14,0,2612022.3140189755,1269318.6376095677
15,0,2612034.4947395995,1269334.767490447
16,0,2612051.6797083598,1269345.4079726173
17,0,2612071.548,1269349.122
0,0,2612071.548,1269294.122
1,0,2612091.41629164,1269345.4079726173
2,0,2612108.6012604004,1269334.767490447
3,0,2612120.7819810244,1269318.6376095677
4,0,2612126.313379696,1269299.1967597704
5,0,2612124.4484103746,1269279.070535546
6,0,2612115.4389475,1269260.977094999
7,0,2612100.5017689583,1269247.3600575349
8,0,2612081.65422348,1269240.0584795175
9,0,2612061.44177652,1269240.0584795175
10,0,2612042.5942310416,1269247.3600575349
11,0,2612027.6570524997,1269260.977094999
12,0,2612018.6475896253,1269279.070535546
13,0,2612016.782620304,1269299.1967597704
14,0,2612022.3140189755,1269318.6376095677
15,0,2612034.4947395995,1269334.767490447
16,0,2612051.6797083598,1269345.4079726173
17,0,2612071.548,1269349.122
0,1,2612142.505,1269241.216
1,1,2612162.37329164,1269292.5019726173
2,1,2612179.5582604003,1269281.861490447
3,1,2612191.7389810244,1269265.7316095678
4,1,2612197.270379696,1269246.2907597704
5,1,2612195.4054103745,1269226.164535546
6,1,2612186.3959475,1269208.071094999
7,1,2612171.458768958,1269194.454057535
8,1,2612152.6112234797,1269187.1524795175
9,1,2612132.39877652,1269187.1524795175
10,1,2612113.5512310416,1269194.454057535
11,1,2612098.6140524996,1269208.071094999
12,1,2612089.6045896253,1269226.164535546
13,1,2612087.7396203037,1269246.2907597704
14,1,2612093.2710189754,1269265.7316095678
15,1,2612105.4517395995,1269281.861490447
16,1,2612122.6367083597,1269292.5019726173
17,1,2612142.505,1269296.216
0,2,2612213.461,1269188.311
1,2,2612233.3292916403,1269239.5969726173
2,2,2612250.5142604006,1269228.956490447
3,2,2612262.6949810246,1269212.8266095677
4,2,2612268.2263796963,1269193.3857597704
5,2,2612266.3614103748,1269173.259535546
6,2,2612257.3519475004,1269155.166094999
7,2,2612242.4147689585,1269141.549057535
8,2,2612223.56722348,1269134.2474795175
9,2,2612203.3547765203,1269134.2474795175
10,2,2612184.507231042,1269141.549057535
11,2,2612169.5700525,1269155.166094999
12,2,2612160.5605896255,1269173.259535546
13,2,2612158.695620304,1269193.3857597704
14,2,2612164.2270189757,1269212.8266095677
15,2,2612176.4077395997,1269228.956490447
16,2,2612193.59270836,1269239.5969726173
17,2,2612213.461,1269243.311
0,3,2612284.418,1269135.405
1,3,2612304.2862916403,1269186.6909726174
2,3,2612321.4712604005,1269176.050490447
3,3,2612333.6519810245,1269159.9206095678
4,3,2612339.183379696,1269140.4797597704
5,3,2612337.3184103747,1269120.353535546
6,3,2612328.3089475003,1269102.260094999
7,3,2612313.3717689584,1269088.643057535
8,3,2612294.52422348,1269081.3414795175
9,3,2612274.31177652,1269081.3414795175
10,3,2612255.4642310417,1269088.643057535
11,3,2612240.5270525,1269102.260094999
12,3,2612231.5175896254,1269120.353535546
13,3,2612229.652620304,1269140.4797597704
14,3,2612235.1840189756,1269159.9206095678
15,3,2612247.3647395996,1269176.050490447
16,3,2612264.54970836,1269186.6909726174
17,3,2612284.418,1269190.405
0,4,2612355.374,1269082.499
1,4,2612375.24229164,1269133.7849726174
2,4,2612392.4272604003,1269123.1444904471
3,4,2612404.6079810243,1269107.0146095678
4,4,2612410.139379696,1269087.5737597705
5,4,2612408.2744103745,1269067.447535546
6,4,2612399.2649475,1269049.3540949991
7,4,2612384.327768958,1269035.737057535
8,4,2612365.4802234797,1269028.4354795176
9,4,2612345.26777652,1269028.4354795176
10,4,2612326.4202310415,1269035.737057535
11,4,2612311.4830524996,1269049.3540949991
12,4,2612302.473589625,1269067.447535546
13,4,2612300.6086203037,1269087.5737597705
14,4,2612306.1400189754,1269107.0146095678
15,4,2612318.3207395994,1269123.1444904471
16,4,2612335.5057083596,1269133.7849726174
17,4,2612355.374,1269137.499
0,5,2612426.331,1269029.594
1,5,2612446.19929164,1269080.8799726174
2,5,2612463.3842604,1269070.239490447
3,5,2612475.5649810242,1269054.1096095678
4,5,2612481.096379696,1269034.6687597705
5,5,2612479.2314103744,1269014.542535546
6,5,2612470.2219475,1268996.449094999
7,5,2612455.284768958,1268982.832057535
8,5,2612436.4372234796,1268975.5304795175
9,5,2612416.22477652,1268975.5304795175
10,5,2612397.3772310414,1268982.832057535
11,5,2612382.4400524995,1268996.449094999
12,5,2612373.430589625,1269014.542535546
13,5,2612371.5656203036,1269034.6687597705
14,5,2612377.0970189753,1269054.1096095678
15,5,2612389.2777395993,1269070.239490447
16,5,2612406.4627083596,1269080.8799726174
17,5,2612426.331,1269084.594
0,6,2612482.444,1268948.835
1,6,2612502.3122916403,1269000.1209726173
2,6,2612519.4972604006,1268989.480490447
3,6,2612531.6779810246,1268973.3506095677
4,6,2612537.2093796963,1268953.9097597704
5,6,2612535.3444103748,1268933.783535546
6,6,2612526.3349475004,1268915.690094999
7,6,2612511.3977689585,1268902.0730575349
8,6,2612492.55022348,1268894.7714795175
9,6,2612472.3377765203,1268894.7714795175
10,6,2612453.490231042,1268902.0730575349
11,6,2612438.5530525,1268915.690094999
12,6,2612429.5435896255,1268933.783535546
13,6,2612427.678620304,1268953.9097597704
14,6,2612433.2100189757,1268973.3506095677
15,6,2612445.3907395997,1268989.480490447
16,6,2612462.57570836,1269000.1209726173
17,6,2612482.444,1269003.835
0,7,2612538.557,1268868.077
1,7,2612558.42529164,1268919.3629726174
2,7,2612575.6102604005,1268908.722490447
3,7,2612587.7909810245,1268892.5926095678
4,7,2612593.322379696,1268873.1517597705
5,7,2612591.4574103747,1268853.025535546
6,7,2612582.4479475003,1268834.9320949991
7,7,2612567.5107689584,1268821.315057535
8,7,2612548.66322348,1268814.0134795175
9,7,2612528.45077652,1268814.0134795175
10,7,2612509.6032310417,1268821.315057535
11,7,2612494.6660525,1268834.9320949991
12,7,2612485.6565896254,1268853.025535546
13,7,2612483.791620304,1268873.1517597705
14,7,2612489.3230189756,1268892.5926095678
15,7,2612501.5037395996,1268908.722490447
16,7,2612518.68870836,1268919.3629726174
17,7,2612538.557,1268923.077
0,8,2612594.67,1268787.319
1,8,2612614.53829164,1268838.6049726172
2,8,2612631.7232604004,1268827.964490447
3,8,2612643.9039810244,1268811.8346095677
4,8,2612649.435379696,1268792.3937597703
5,8,2612647.5704103746,1268772.2675355459
6,8,2612638.5609475,1268754.174094999
7,8,2612623.6237689583,1268740.5570575348
8,8,2612604.77622348,1268733.2554795174
9,8,2612584.56377652,1268733.2554795174
10,8,2612565.7162310416,1268740.5570575348
11,8,2612550.7790524997,1268754.174094999
12,8,2612541.7695896253,1268772.2675355459
13,8,2612539.904620304,1268792.3937597703
14,8,2612545.4360189755,1268811.8346095677
15,8,2612557.6167395995,1268827.964490447
16,8,2612574.8017083597,1268838.6049726172
17,8,2612594.67,1268842.319
0,9,2612650.784,1268706.56
1,9,2612670.65229164,1268757.8459726174
2,9,2612687.8372604004,1268747.205490447
3,9,2612700.0179810245,1268731.0756095678
4,9,2612705.549379696,1268711.6347597705
5,9,2612703.6844103746,1268691.508535546
6,9,2612694.6749475,1268673.4150949991
7,9,2612679.7377689583,1268659.798057535
8,9,2612660.89022348,1268652.4964795175
9,9,2612640.67777652,1268652.4964795175
10,9,2612621.8302310416,1268659.798057535
11,9,2612606.8930524997,1268673.4150949991
12,9,2612597.8835896254,1268691.508535546
13,9,2612596.018620304,1268711.6347597705
14,9,2612601.5500189755,1268731.0756095678
15,9,2612613.7307395996,1268747.205490447
16,9,2612630.91570836,1268757.8459726174
17,9,2612650.784,1268761.56
0,10,2612706.897,1268625.802
1,10,2612726.76529164,1268677.0879726172
2,10,2612743.9502604003,1268666.447490447
3,10,2612756.1309810244,1268650.3176095677
4,10,2612761.662379696,1268630.8767597703
5,10,2612759.7974103745,1268610.7505355459
6,10,2612750.7879475,1268592.657094999
7,10,2612735.850768958,1268579.0400575348
8,10,2612717.0032234797,1268571.7384795174
9,10,2612696.79077652,1268571.7384795174
10,10,2612677.9432310415,1268579.0400575348
11,10,2612663.0060524996,1268592.657094999
12,10,2612653.9965896253,1268610.7505355459
13,10,2612652.1316203037,1268630.8767597703
14,10,2612657.6630189754,1268650.3176095677
15,10,2612669.8437395995,1268666.447490447
16,10,2612687.0287083597,1268677.0879726172
17,10,2612706.897,1268680.802
0,11,2612763.01,1268545.044
1,11,2612782.87829164,1268596.3299726173
2,11,2612800.0632604,1268585.689490447
3,11,2612812.2439810243,1268569.5596095677
4,11,2612817.775379696,1268550.1187597704
5,11,2612815.9104103744,1268529.992535546
6,11,2612806.9009475,1268511.899094999
7,11,2612791.963768958,1268498.282057535
8,11,2612773.1162234796,1268490.9804795175
9,11,2612752.90377652,1268490.9804795175
10,11,2612734.0562310414,1268498.282057535
11,11,2612719.1190524995,1268511.899094999
12,11,2612710.109589625,1268529.992535546
13,11,2612708.2446203036,1268550.1187597704
14,11,2612713.7760189753,1268569.5596095677
15,11,2612725.9567395994,1268585.689490447
16,11,2612743.1417083596,1268596.3299726173
17,11,2612763.01,1268600.044
0,12,2612819.123,1268464.286
1,12,2612838.9912916403,1268515.5719726174
2,12,2612856.1762604006,1268504.9314904471
3,12,2612868.3569810246,1268488.8016095678
4,12,2612873.8883796963,1268469.3607597705
5,12,2612872.0234103748,1268449.234535546
6,12,2612863.0139475004,1268431.1410949992
7,12,2612848.0767689585,1268417.524057535
8,12,2612829.22922348,1268410.2224795176
9,12,2612809.0167765203,1268410.2224795176
10,12,2612790.169231042,1268417.524057535
11,12,2612775.2320525,1268431.1410949992
12,12,2612766.2225896255,1268449.234535546
13,12,2612764.357620304,1268469.3607597705
14,12,2612769.8890189757,1268488.8016095678
15,12,2612782.0697395997,1268504.9314904471
16,12,2612799.25470836,1268515.5719726174
17,12,2612819.123,1268519.286
0,13,2612875.237,1268383.527
1,13,2612895.1052916404,1268434.8129726173
2,13,2612912.2902604006,1268424.172490447
3,13,2612924.4709810247,1268408.0426095678
4,13,2612930.0023796964,1268388.6017597704
5,13,2612928.137410375,1268368.475535546
6,13,2612919.1279475004,1268350.382094999
7,13,2612904.1907689585,1268336.765057535
8,13,2612885.34322348,1268329.4634795175
9,13,2612865.1307765204,1268329.4634795175
10,13,2612846.283231042,1268336.765057535
11,13,2612831.3460525,1268350.382094999
12,13,2612822.3365896256,1268368.475535546
13,13,2612820.471620304,1268388.6017597704
14,13,2612826.0030189757,1268408.0426095678
15,13,2612838.1837396,1268424.172490447
16,13,2612855.36870836,1268434.8129726173
17,13,2612875.237,1268438.527
0,14,2612931.35,1268302.769
1,14,2612951.2182916403,1268354.0549726174
2,14,2612968.4032604005,1268343.4144904471
3,14,2612980.5839810246,1268327.2846095678
4,14,2612986.1153796962,1268307.8437597705
5,14,2612984.2504103747,1268287.717535546
6,14,2612975.2409475003,1268269.6240949992
7,14,2612960.3037689584,1268256.007057535
8,14,2612941.45622348,1268248.7054795176
9,14,2612921.2437765202,1268248.7054795176
10,14,2612902.3962310418,1268256.007057535
11,14,2612887.4590525,1268269.6240949992
12,14,2612878.4495896255,1268287.717535546
13,14,2612876.584620304,1268307.8437597705
14,14,2612882.1160189756,1268327.2846095678
15,14,2612894.2967395997,1268343.4144904471
16,14,2612911.48170836,1268354.0549726174
17,14,2612931.35,1268357.769
0,15,2612987.463,1268222.011
1,15,2613007.33129164,1268273.2969726173
2,15,2613024.5162604004,1268262.656490447
3,15,2613036.6969810245,1268246.5266095677
4,15,2613042.228379696,1268227.0857597704
5,15,2613040.3634103746,1268206.959535546
6,15,2613031.3539475,1268188.866094999
7,15,2613016.4167689583,1268175.2490575348
8,15,2612997.56922348,1268167.9474795174
9,15,2612977.35677652,1268167.9474795174
10,15,2612958.5092310417,1268175.2490575348
11,15,2612943.5720524997,1268188.866094999
12,15,2612934.5625896254,1268206.959535546
13,15,2612932.697620304,1268227.0857597704
14,15,2612938.2290189755,1268246.5266095677
15,15,2612950.4097395996,1268262.656490447
16,15,2612967.59470836,1268273.2969726173
17,15,2612987.463,1268277.011
0,16,2613043.576,1268141.252
1,16,2613063.44429164,1268192.5379726174
2,16,2613080.6292604003,1268181.8974904472
3,16,2613092.8099810244,1268165.7676095678
4,16,2613098.341379696,1268146.3267597705
5,16,2613096.4764103745,1268126.200535546
6,16,2613087.4669475,1268108.1070949992
7,16,2613072.529768958,1268094.490057535
8,16,2613053.6822234797,1268087.1884795176
9,16,2613033.46977652,1268087.1884795176
10,16,2613014.6222310415,1268094.490057535
11,16,2612999.6850524996,1268108.1070949992
12,16,2612990.6755896253,1268126.200535546
13,16,2612988.8106203037,1268146.3267597705
14,16,2612994.3420189754,1268165.7676095678
15,16,2613006.5227395995,1268181.8974904472
16,16,2613023.7077083597,1268192.5379726174
17,16,2613043.576,1268196.252
0,17,2613099.689,1268060.494
1,17,2613119.55729164,1268111.7799726173
2,17,2613136.7422604,1268101.139490447
3,17,2613148.9229810243,1268085.0096095677
4,17,2613154.454379696,1268065.5687597704
5,17,2613152.5894103744,1268045.442535546
6,17,2613143.5799475,1268027.349094999
7,17,2613128.642768958,1268013.7320575349
8,17,2613109.7952234796,1268006.4304795174
9,17,2613089.58277652,1268006.4304795174
10,17,2613070.7352310414,1268013.7320575349
11,17,2613055.7980524995,1268027.349094999
12,17,2613046.788589625,1268045.442535546
13,17,2613044.9236203036,1268065.5687597704
14,17,2613050.4550189753,1268085.0096095677
15,17,2613062.6357395994,1268101.139490447
16,17,2613079.8207083596,1268111.7799726173
17,17,2613099.689,1268115.494
0,18,2613155.803,1267979.736
1,18,2613175.67129164,1268031.0219726174
2,18,2613192.8562604003,1268020.381490447
3,18,2613205.0369810243,1268004.2516095678
4,18,2613210.568379696,1267984.8107597705
5,18,2613208.7034103745,1267964.684535546
6,18,2613199.6939475,1267946.591094999
7,18,2613184.756768958,1267932.974057535
8,18,2613165.9092234797,1267925.6724795175
9,18,2613145.69677652,1267925.6724795175
10,18,2613126.8492310415,1267932.974057535
11,18,2613111.9120524996,1267946.591094999
12,18,2613102.902589625,1267964.684535546
13,18,2613101.0376203037,1267984.8107597705
14,18,2613106.5690189754,1268004.2516095678
15,18,2613118.7497395994,1268020.381490447
16,18,2613135.9347083597,1268031.0219726174
17,18,2613155.803,1268034.736
0,19,2613211.916,1267898.978
1,19,2613231.7842916404,1267950.2639726172
2,19,2613248.9692604006,1267939.623490447
3,19,2613261.1499810247,1267923.4936095676
4,19,2613266.6813796964,1267904.0527597703
5,19,2613264.816410375,1267883.9265355458
6,19,2613255.8069475004,1267865.833094999
7,19,2613240.8697689585,1267852.2160575348
8,19,2613222.02222348,1267844.9144795174
9,19,2613201.8097765204,1267844.9144795174
10,19,2613182.962231042,1267852.2160575348
11,19,2613168.0250525,1267865.833094999
12,19,2613159.0155896256,1267883.9265355458
13,19,2613157.150620304,1267904.0527597703
14,19,2613162.6820189757,1267923.4936095676
15,19,2613174.8627396,1267939.623490447
16,19,2613192.04770836,1267950.2639726172
17,19,2613211.916,1267953.978
0,20,2613268.029,1267818.219
1,20,2613287.8972916403,1267869.5049726174
2,20,2613305.0822604005,1267858.864490447
3,20,2613317.2629810246,1267842.7346095678
4,20,2613322.7943796962,1267823.2937597705
5,20,2613320.9294103747,1267803.167535546
6,20,2613311.9199475003,1267785.074094999
7,20,2613296.9827689584,1267771.457057535
8,20,2613278.13522348,1267764.1554795175
9,20,2613257.9227765203,1267764.1554795175
10,20,2613239.0752310418,1267771.457057535
11,20,2613224.1380525,1267785.074094999
12,20,2613215.1285896255,1267803.167535546
13,20,2613213.263620304,1267823.2937597705
14,20,2613218.7950189756,1267842.7346095678
15,20,2613230.9757395997,1267858.864490447
16,20,2613248.16070836,1267869.5049726174
17,20,2613268.029,1267873.219
0,21,2613324.142,1267737.461
1,21,2613344.01029164,1267788.7469726172
2,21,2613361.1952604004,1267778.106490447
3,21,2613373.3759810245,1267761.9766095676
4,21,2613378.907379696,1267742.5357597703
5,21,2613377.0424103746,1267722.4095355459
6,21,2613368.0329475002,1267704.316094999
7,21,2613353.0957689583,1267690.6990575348
8,21,2613334.24822348,1267683.3974795174
9,21,2613314.03577652,1267683.3974795174
10,21,2613295.1882310417,1267690.6990575348
11,21,2613280.2510524997,1267704.316094999
12,21,2613271.2415896254,1267722.4095355459
13,21,2613269.376620304,1267742.5357597703
14,21,2613274.9080189755,1267761.9766095676
15,21,2613287.0887395996,1267778.106490447
16,21,2613304.27370836,1267788.7469726172
17,21,2613324.142,1267792.461
0,22,2613380.255,1267656.703
1,22,2613400.12329164,1267707.9889726173
2,22,2613417.3082604003,1267697.348490447
3,22,2613429.4889810244,1267681.2186095677
4,22,2613435.020379696,1267661.7777597704
5,22,2613433.1554103745,1267641.651535546
6,22,2613424.1459475,1267623.558094999
7,22,2613409.208768958,1267609.941057535
8,22,2613390.3612234797,1267602.6394795175
9,22,2613370.14877652,1267602.6394795175
10,22,2613351.3012310416,1267609.941057535
11,22,2613336.3640524996,1267623.558094999
12,22,2613327.3545896253,1267641.651535546
13,22,2613325.4896203037,1267661.7777597704
14,22,2613331.0210189754,1267681.2186095677
15,22,2613343.2017395995,1267697.348490447
16,22,2613360.3867083597,1267707.9889726173
17,22,2613380.255,1267711.703
0,23,2613436.369,1267575.945
1,23,2613456.23729164,1267627.2309726174
2,23,2613473.4222604004,1267616.5904904471
3,23,2613485.6029810244,1267600.4606095678
4,23,2613491.134379696,1267581.0197597705
5,23,2613489.2694103746,1267560.893535546
6,23,2613480.2599475,1267542.8000949991
7,23,2613465.3227689583,1267529.183057535
8,23,2613446.47522348,1267521.8814795176
9,23,2613426.26277652,1267521.8814795176
10,23,2613407.4152310416,1267529.183057535
11,23,2613392.4780524997,1267542.8000949991
12,23,2613383.4685896253,1267560.893535546
13,23,2613381.603620304,1267581.0197597705
14,23,2613387.1350189755,1267600.4606095678
15,23,2613399.3157395995,1267616.5904904471
16,23,2613416.5007083598,1267627.2309726174
17,23,2613436.369,1267630.945
0,24,2613492.482,1267495.186
1,24,2613512.35029164,1267546.4719726173
2,24,2613529.5352604003,1267535.831490447
3,24,2613541.7159810243,1267519.7016095677
4,24,2613547.247379696,1267500.2607597704
5,24,2613545.3824103745,1267480.134535546
6,24,2613536.3729475,1267462.041094999
7,24,2613521.435768958,1267448.424057535
8,24,2613502.5882234797,1267441.1224795175
9,24,2613482.37577652,1267441.1224795175
10,24,2613463.5282310415,1267448.424057535
11,24,2613448.5910524996,1267462.041094999
12,24,2613439.581589625,1267480.134535546
13,24,2613437.7166203037,1267500.2607597704
14,24,2613443.2480189754,1267519.7016095677
15,24,2613455.4287395994,1267535.831490447
16,24,2613472.6137083597,1267546.4719726173
17,24,2613492.482,1267550.186
0,25,2613548.595,1267414.428
1,25,2613568.4632916404,1267465.7139726174
2,25,2613585.6482604006,1267455.0734904471
3,25,2613597.8289810247,1267438.9436095678
4,25,2613603.3603796964,1267419.5027597705
5,25,2613601.495410375,1267399.376535546
6,25,2613592.4859475004,1267381.2830949991
7,25,2613577.5487689585,1267367.666057535
8,25,2613558.70122348,1267360.3644795176
9,25,2613538.4887765204,1267360.3644795176
10,25,2613519.641231042,1267367.666057535
11,25,2613504.7040525,1267381.2830949991
12,25,2613495.6945896256,1267399.376535546
13,25,2613493.829620304,1267419.5027597705
14,25,2613499.3610189757,1267438.9436095678
15,25,2613511.5417396,1267455.0734904471
16,25,2613528.72670836,1267465.7139726174
17,25,2613548.595,1267469.428
0,26,2613604.708,1267333.67
1,26,2613624.5762916403,1267384.9559726173
2,26,2613641.7612604005,1267374.315490447
3,26,2613653.9419810246,1267358.1856095677
4,26,2613659.4733796963,1267338.7447597703
5,26,2613657.6084103747,1267318.618535546
6,26,2613648.5989475003,1267300.525094999
7,26,2613633.6617689584,1267286.9080575348
8,26,2613614.81422348,1267279.6064795174
9,26,2613594.6017765203,1267279.6064795174
10,26,2613575.7542310418,1267286.9080575348
11,26,2613560.8170525,1267300.525094999
12,26,2613551.8075896255,1267318.618535546
13,26,2613549.942620304,1267338.7447597703
14,26,2613555.4740189756,1267358.1856095677
15,26,2613567.6547395997,1267374.315490447
16,26,2613584.83970836,1267384.9559726173
17,26,2613604.708,1267388.67
0,27,2613660.822,1267252.911
1,27,2613680.6902916403,1267304.1969726174
2,27,2613697.8752604006,1267293.5564904471
3,27,2613710.0559810246,1267277.4266095678
4,27,2613715.5873796963,1267257.9857597705
5,27,2613713.722410375,1267237.859535546
6,27,2613704.7129475004,1267219.7660949992
7,27,2613689.7757689585,1267206.149057535
8,27,2613670.92822348,1267198.8474795176
9,27,2613650.7157765203,1267198.8474795176
10,27,2613631.868231042,1267206.149057535
11,27,2613616.9310525,1267219.7660949992
12,27,2613607.9215896255,1267237.859535546
13,27,2613606.056620304,1267257.9857597705
14,27,2613611.5880189757,1267277.4266095678
15,27,2613623.7687395997,1267293.5564904471
16,27,2613640.95370836,1267304.1969726174
17,27,2613660.822,1267307.911
0,28,2613716.935,1267172.153
1,28,2613736.8032916402,1267223.4389726173
2,28,2613753.9882604005,1267212.798490447
3,28,2613766.1689810245,1267196.6686095677
4,28,2613771.700379696,1267177.2277597704
5,28,2613769.8354103747,1267157.101535546
6,28,2613760.8259475003,1267139.008094999
7,28,2613745.8887689584,1267125.3910575348
8,28,2613727.04122348,1267118.0894795174
9,28,2613706.82877652,1267118.0894795174
10,28,2613687.9812310417,1267125.3910575348
11,28,2613673.0440525,1267139.008094999
12,28,2613664.0345896254,1267157.101535546
13,28,2613662.169620304,1267177.2277597704
14,28,2613667.7010189756,1267196.6686095677
15,28,2613679.8817395996,1267212.798490447
16,28,2613697.06670836,1267223.4389726173
17,28,2613716.935,1267227.153
0,29,2613773.048,1267091.395
1,29,2613792.91629164,1267142.6809726174
2,29,2613810.1012604004,1267132.040490447
3,29,2613822.2819810244,1267115.9106095678
4,29,2613827.813379696,1267096.4697597704
5,29,2613825.9484103746,1267076.343535546
6,29,2613816.9389475,1267058.250094999
7,29,2613802.0017689583,1267044.633057535
8,29,2613783.15422348,1267037.3314795175
9,29,2613762.94177652,1267037.3314795175
10,29,2613744.0942310416,1267044.633057535
11,29,2613729.1570524997,1267058.250094999
12,29,2613720.1475896253,1267076.343535546
13,29,2613718.282620304,1267096.4697597704
14,29,2613723.8140189755,1267115.9106095678
15,29,2613735.9947395995,1267132.040490447
16,29,2613753.1797083598,1267142.6809726174
17,29,2613773.048,1267146.395
0,30,2613829.161,1267010.637
1,30,2613849.02929164,1267061.9229726174
2,30,2613866.2142604003,1267051.2824904472
3,30,2613878.3949810243,1267035.1526095679
4,30,2613883.926379696,1267015.7117597705
5,30,2613882.0614103745,1266995.585535546
6,30,2613873.0519475,1266977.4920949992
7,30,2613858.114768958,1266963.875057535
8,30,2613839.2672234797,1266956.5734795176
9,30,2613819.05477652,1266956.5734795176
10,30,2613800.2072310415,1266963.875057535
11,30,2613785.2700524996,1266977.4920949992
12,30,2613776.260589625,1266995.585535546
13,30,2613774.3956203037,1267015.7117597705
14,30,2613779.9270189754,1267035.1526095679
15,30,2613792.1077395994,1267051.2824904472
16,30,2613809.2927083597,1267061.9229726174
17,30,2613829.161,1267065.637
0,31,2613885.274,1266929.878
1,31,2613905.1422916404,1266981.1639726174
2,31,2613922.3272604006,1266970.523490447
3,31,2613934.5079810247,1266954.3936095678
4,31,2613940.0393796964,1266934.9527597704
5,31,2613938.174410375,1266914.826535546
6,31,2613929.1649475005,1266896.733094999
7,31,2613914.2277689585,1266883.116057535
8,31,2613895.38022348,1266875.8144795175
9,31,2613875.1677765204,1266875.8144795175
10,31,2613856.320231042,1266883.116057535
11,31,2613841.3830525,1266896.733094999
12,31,2613832.3735896256,1266914.826535546
13,31,2613830.508620304,1266934.9527597704
14,31,2613836.0400189757,1266954.3936095678
15,31,2613848.2207396,1266970.523490447
16,31,2613865.40570836,1266981.1639726174
17,31,2613885.274,1266984.878
0,32,2613941.388,1266849.12
1,32,2613961.25629164,1266900.4059726174
2,32,2613978.4412604,1266889.7654904472
3,32,2613990.6219810243,1266873.6356095679
4,32,2613996.153379696,1266854.1947597705
5,32,2613994.2884103744,1266834.068535546
6,32,2613985.2789475,1266815.9750949992
7,32,2613970.341768958,1266802.358057535
8,32,2613951.4942234796,1266795.0564795176
9,32,2613931.28177652,1266795.0564795176
10,32,2613912.4342310415,1266802.358057535
11,32,2613897.4970524996,1266815.9750949992
12,32,2613888.487589625,1266834.068535546
13,32,2613886.6226203036,1266854.1947597705
14,32,2613892.1540189753,1266873.6356095679
15,32,2613904.3347395994,1266889.7654904472
16,32,2613921.5197083596,1266900.4059726174
17,32,2613941.388,1266904.12
0,33,2613997.501,1266768.362
1,33,2614017.3692916404,1266819.6479726173
2,33,2614034.5542604006,1266809.007490447
3,33,2614046.7349810246,1266792.8776095677
4,33,2614052.2663796963,1266773.4367597704
5,33,2614050.401410375,1266753.310535546
6,33,2614041.3919475004,1266735.217094999
7,33,2614026.4547689585,1266721.6000575349
8,33,2614007.60722348,1266714.2984795175
9,33,2613987.3947765203,1266714.2984795175
10,33,2613968.547231042,1266721.6000575349
11,33,2613953.6100525,1266735.217094999
12,33,2613944.6005896255,1266753.310535546
13,33,2613942.735620304,1266773.4367597704
14,33,2613948.2670189757,1266792.8776095677
15,33,2613960.4477395997,1266809.007490447
16,33,2613977.63270836,1266819.6479726173
17,33,2613997.501,1266823.362
0,34,2614053.614,1266687.604
1,34,2614073.4822916402,1266738.8899726174
2,34,2614090.6672604005,1266728.249490447
3,34,2614102.8479810245,1266712.1196095678
4,34,2614108.379379696,1266692.6787597705
5,34,2614106.5144103747,1266672.552535546
6,34,2614097.5049475003,1266654.4590949991
7,34,2614082.5677689584,1266640.842057535
8,34,2614063.72022348,1266633.5404795175
9,34,2614043.50777652,1266633.5404795175
10,34,2614024.6602310417,1266640.842057535
11,34,2614009.7230525,1266654.4590949991
12,34,2614000.7135896254,1266672.552535546
13,34,2613998.848620304,1266692.6787597705
14,34,2614004.3800189756,1266712.1196095678
15,34,2614016.5607395996,1266728.249490447
16,34,2614033.74570836,1266738.8899726174
17,34,2614053.614,1266742.604
0,35,2614109.727,1266606.845
1,35,2614129.59529164,1266658.1309726173
2,35,2614146.7802604004,1266647.490490447
3,35,2614158.9609810244,1266631.3606095677
4,35,2614164.492379696,1266611.9197597704
5,35,2614162.6274103746,1266591.793535546
6,35,2614153.6179475,1266573.700094999
7,35,2614138.6807689583,1266560.0830575349
8,35,2614119.83322348,1266552.7814795175
9,35,2614099.62077652,1266552.7814795175
10,35,2614080.7732310416,1266560.0830575349
11,35,2614065.8360524997,1266573.700094999
12,35,2614056.8265896253,1266591.793535546
13,35,2614054.961620304,1266611.9197597704
14,35,2614060.4930189755,1266631.3606095677
15,35,2614072.6737395995,1266647.490490447
16,35,2614089.8587083598,1266658.1309726173
17,35,2614109.727,1266661.845
0,36,2614165.84,1266526.087
1,36,2614185.70829164,1266577.3729726174
2,36,2614202.8932604003,1266566.7324904471
3,36,2614215.0739810243,1266550.6026095678
4,36,2614220.605379696,1266531.1617597705
5,36,2614218.7404103745,1266511.035535546
6,36,2614209.7309475,1266492.9420949991
7,36,2614194.793768958,1266479.325057535
8,36,2614175.9462234797,1266472.0234795175
9,36,2614155.73377652,1266472.0234795175
10,36,2614136.8862310415,1266479.325057535
11,36,2614121.9490524996,1266492.9420949991
12,36,2614112.939589625,1266511.035535546
13,36,2614111.0746203037,1266531.1617597705
14,36,2614116.6060189754,1266550.6026095678
15,36,2614128.7867395994,1266566.7324904471
16,36,2614145.9717083597,1266577.3729726174
17,36,2614165.84,1266581.087
0,37,2614221.954,1266445.329
1,37,2614241.82229164,1266496.6149726172
2,37,2614259.0072604003,1266485.974490447
3,37,2614271.1879810244,1266469.8446095677
4,37,2614276.719379696,1266450.4037597703
5,37,2614274.8544103745,1266430.2775355459
6,37,2614265.8449475,1266412.184094999
7,37,2614250.9077689582,1266398.5670575348
8,37,2614232.0602234798,1266391.2654795174
9,37,2614211.84777652,1266391.2654795174
10,37,2614193.0002310416,1266398.5670575348
11,37,2614178.0630524997,1266412.184094999
12,37,2614169.0535896253,1266430.2775355459
13,37,2614167.1886203038,1266450.4037597703
14,37,2614172.7200189754,1266469.8446095677
15,37,2614184.9007395995,1266485.974490447
16,37,2614202.0857083597,1266496.6149726172
17,37,2614221.954,1266500.329
0,38,2614278.067,1266364.57
1,38,2614297.93529164,1266415.8559726174
2,38,2614315.1202604,1266405.2154904471
3,38,2614327.3009810243,1266389.0856095678
4,38,2614332.832379696,1266369.6447597705
5,38,2614330.9674103744,1266349.518535546
6,38,2614321.9579475,1266331.4250949991
7,38,2614307.020768958,1266317.808057535
8,38,2614288.1732234797,1266310.5064795176
9,38,2614267.96077652,1266310.5064795176
10,38,2614249.1132310415,1266317.808057535
11,38,2614234.1760524996,1266331.4250949991
12,38,2614225.166589625,1266349.518535546
13,38,2614223.3016203037,1266369.6447597705
14,38,2614228.8330189753,1266389.0856095678
15,38,2614241.0137395994,1266405.2154904471
16,38,2614258.1987083596,1266415.8559726174
17,38,2614278.067,1266419.57
0,39,2614334.18,1266283.812
1,39,2614354.0482916404,1266335.0979726173
2,39,2614371.2332604006,1266324.457490447
3,39,2614383.4139810246,1266308.3276095677
4,39,2614388.9453796963,1266288.8867597703
5,39,2614387.080410375,1266268.7605355459
6,39,2614378.0709475004,1266250.667094999
7,39,2614363.1337689585,1266237.0500575348
8,39,2614344.28622348,1266229.7484795174
9,39,2614324.0737765203,1266229.7484795174
10,39,2614305.226231042,1266237.0500575348
11,39,2614290.2890525,1266250.667094999
12,39,2614281.2795896255,1266268.7605355459
13,39,2614279.414620304,1266288.8867597703
14,39,2614284.9460189757,1266308.3276095677
15,39,2614297.1267395997,1266324.457490447
16,39,2614314.31170836,1266335.0979726173
17,39,2614334.18,1266338.812
0,40,2614390.293,1266203.054
1,40,2614410.1612916403,1266254.3399726173
2,40,2614427.3462604005,1266243.699490447
3,40,2614439.5269810245,1266227.5696095678
4,40,2614445.058379696,1266208.1287597704
5,40,2614443.1934103747,1266188.002535546
6,40,2614434.1839475003,1266169.909094999
7,40,2614419.2467689584,1266156.292057535
8,40,2614400.39922348,1266148.9904795175
9,40,2614380.18677652,1266148.9904795175
10,40,2614361.3392310417,1266156.292057535
11,40,2614346.4020525,1266169.909094999
12,40,2614337.3925896254,1266188.002535546
13,40,2614335.527620304,1266208.1287597704
14,40,2614341.0590189756,1266227.5696095678
15,40,2614353.2397395996,1266243.699490447
16,40,2614370.42470836,1266254.3399726173
17,40,2614390.293,1266258.054
0,41,2614446.407,1266122.296
1,41,2614466.2752916403,1266173.5819726174
2,41,2614483.4602604005,1266162.9414904471
3,41,2614495.6409810246,1266146.8116095678
4,41,2614501.1723796963,1266127.3707597705
5,41,2614499.3074103747,1266107.244535546
6,41,2614490.2979475004,1266089.1510949992
7,41,2614475.3607689585,1266075.534057535
8,41,2614456.51322348,1266068.2324795176
9,41,2614436.3007765203,1266068.2324795176
10,41,2614417.453231042,1266075.534057535
11,41,2614402.5160525,1266089.1510949992
12,41,2614393.5065896255,1266107.244535546
13,41,2614391.641620304,1266127.3707597705
14,41,2614397.1730189756,1266146.8116095678
15,41,2614409.3537395997,1266162.9414904471
16,41,2614426.53870836,1266173.5819726174
17,41,2614446.407,1266177.296
0,42,2614502.52,1266041.537
1,42,2614522.38829164,1266092.8229726173
2,42,2614539.5732604004,1266082.182490447
3,42,2614551.7539810245,1266066.0526095678
4,42,2614557.285379696,1266046.6117597704
5,42,2614555.4204103746,1266026.485535546
6,42,2614546.4109475003,1266008.392094999
7,42,2614531.4737689584,1265994.775057535
8,42,2614512.62622348,1265987.4734795175
9,42,2614492.41377652,1265987.4734795175
10,42,2614473.5662310417,1265994.775057535
11,42,2614458.6290525,1266008.392094999
12,42,2614449.6195896254,1266026.485535546
13,42,2614447.754620304,1266046.6117597704
14,42,2614453.2860189755,1266066.0526095678
15,42,2614465.4667395996,1266082.182490447
16,42,2614482.65170836,1266092.8229726173
17,42,2614502.52,1266096.537
0,43,2614558.633,1265960.779
1,43,2614578.50129164,1266012.0649726174
2,43,2614595.6862604003,1266001.4244904472
3,43,2614607.8669810244,1265985.2946095678
4,43,2614613.398379696,1265965.8537597705
5,43,2614611.5334103745,1265945.727535546
6,43,2614602.5239475,1265927.6340949992
7,43,2614587.5867689583,1265914.017057535
8,43,2614568.7392234798,1265906.7154795176
9,43,2614548.52677652,1265906.7154795176
10,43,2614529.6792310416,1265914.017057535
11,43,2614514.7420524997,1265927.6340949992
12,43,2614505.7325896253,1265945.727535546
13,43,2614503.8676203038,1265965.8537597705
14,43,2614509.3990189754,1265985.2946095678
15,43,2614521.5797395995,1266001.4244904472
16,43,2614538.7647083597,1266012.0649726174
17,43,2614558.633,1266015.779
