id_point,x_buffer,y_buffer,z_align,id_buffer_point,z_dtm_buffer,dist,min_dist
0,2612071.548,1269294.122,220.962,0,253.524,32.56200000000001,
0,2612087.0321511417,1269299.1531056855,220.962,1,252.5021,31.540100000000024,
0,2612081.1177316927,1269280.9503943145,220.962,2,252.6407,31.67870000000002,
0,2612061.978268307,1269280.9503943145,220.962,3,254.1904,33.22840000000002,
0,2612056.0638488582,1269299.1531056855,220.962,4,253.792,32.83000000000001,
0,2612071.548,1269310.403,220.962,5,252.4697,31.5077,MIN
1,2612110.9683333333,1269264.73,218.97266666666667,6,257.3883,38.415633333333346,
1,2612127.6027905177,1269274.3339083332,218.97266666666667,7,252.416,33.44333333333333,MIN
1,2612127.6027905177,1269255.1260916668,218.97266666666667,8,252.8656,33.89293333333333,
1,2612110.9683333333,1269245.5221833333,218.97266666666667,9,257.3411,38.368433333333314,
1,2612094.333876149,1269255.1260916668,218.97266666666667,10,255.1968,36.22413333333333,
1,2612094.333876149,1269274.3339083332,218.97266666666667,11,254.3581,35.38543333333334,
1,2612110.9683333333,1269283.9378166667,218.97266666666667,12,257.357,38.38433333333336,
2,2612150.3886666666,1269235.338,216.98333333333332,13,257.0707,40.08736666666667,
2,2612167.7470056186,1269245.3598416667,216.98333333333332,14,256.1491,39.165766666666656,
2,2612167.7470056186,1269225.3161583333,216.98333333333332,15,256.9473,39.963966666666664,
2,2612150.3886666666,1269215.2943166667,216.98333333333332,16,256.9915,40.008166666666654,
2,2612133.0303277145,1269225.3161583333,216.98333333333332,17,253.2971,36.31376666666668,
2,2612133.0303277145,1269245.3598416667,216.98333333333332,18,252.912,35.928666666666686,MIN
2,2612150.3886666666,1269255.3816833333,216.98333333333332,19,257.3793,40.39596666666668,
3,2612189.809,1269205.946,214.994,20,256.3565,41.36249999999998,
3,2612207.7194878818,1269216.286625,214.994,21,255.8314,40.8374,MIN
3,2612207.7194878818,1269195.605375,214.994,22,255.8399,40.8459,
3,2612189.809,1269185.26475,214.994,23,256.5446,41.5506,
3,2612171.898512118,1269195.605375,214.994,24,256.6389,41.64489999999998,
3,2612171.898512118,1269216.286625,214.994,25,256.8217,41.82770000000002,
3,2612189.809,1269226.62725,214.994,26,255.9868,40.99279999999999,
4,2612229.229333333,1269176.554,213.00466666666665,27,255.8041,42.799433333333354,
4,2612247.7620316003,1269187.2538583332,213.00466666666665,28,255.8375,42.832833333333355,
4,2612247.7620316003,1269165.8541416668,213.00466666666665,29,255.7504,42.74573333333336,MIN
4,2612229.229333333,1269155.1542833333,213.00466666666665,30,255.7536,42.748933333333355,
4,2612210.696635066,1269165.8541416668,213.00466666666665,31,256.2175,43.21283333333332,
4,2612210.696635066,1269187.2538583332,213.00466666666665,32,255.7514,42.74673333333334,
4,2612229.229333333,1269197.9537166667,213.00466666666665,33,255.8506,42.845933333333335,
5,2612268.6496666665,1269147.162,211.01533333333333,34,255.9776,44.962266666666665,
5,2612286.2261244683,1269161.1787573677,211.01533333333333,35,256.1663,45.15096666666665,
5,2612290.5671510505,1269142.1594772143,211.01533333333333,36,256.7259,45.71056666666669,
5,2612278.403864857,1269126.9071987516,211.01533333333333,37,255.8999,44.88456666666667,
5,2612258.895468476,1269126.9071987516,211.01533333333333,38,255.7843,44.76896666666667,MIN
5,2612246.7321822825,1269142.1594772143,211.01533333333333,39,255.8087,44.79336666666666,
5,2612251.073208865,1269161.1787573677,211.01533333333333,40,255.8553,44.83996666666667,
5,2612268.6496666665,1269169.6431333334,211.01533333333333,41,255.9095,44.89416666666668,
6,2612308.07,1269117.77,209.02599999999998,42,257.5585,48.5325,
6,2612327.0421182113,1269132.8997594044,209.02599999999998,43,258.1144,49.08840000000001,
6,2612331.7278444488,1269112.3702513864,209.02599999999998,44,257.6384,48.61240000000001,
6,2612318.598731284,1269095.9068642093,209.02599999999998,45,256.7844,47.75840000000002,
6,2612297.5412687156,1269095.9068642093,209.02599999999998,46,255.8953,46.86930000000001,
6,2612284.412155551,1269112.3702513864,209.02599999999998,47,256.0692,47.04320000000004,
6,2612289.0978817884,1269132.8997594044,209.02599999999998,48,255.8845,46.85850000000002,MIN
6,2612308.07,1269142.0362500001,209.02599999999998,49,258.0216,48.995599999999996,
7,2612347.490333333,1269088.378,207.03666666666666,50,256.6304,49.59373333333335,
7,2612366.87730436,1269103.8385934848,207.03666666666666,51,258.7858,51.74913333333333,
7,2612371.665490781,1269082.8601780701,207.03666666666666,52,257.8607,50.82403333333335,
7,2612358.249290561,1269066.0367951118,207.03666666666666,53,256.0497,49.01303333333331,
7,2612336.7313761055,1269066.0367951118,207.03666666666666,54,255.9567,48.92003333333335,
7,2612323.3151758853,1269082.8601780701,207.03666666666666,55,255.7091,48.672433333333345,MIN
7,2612328.1033623065,1269103.8385934848,207.03666666666666,56,257.043,50.006333333333345,
7,2612347.490333333,1269113.1748666668,207.03666666666666,57,259.57,52.53333333333333,
8,2612386.9106666665,1269058.986,205.0473333333333,58,261.2156,56.16826666666668,
8,2612406.76914779,1269078.8444811238,205.0473333333333,59,262.6733,57.62596666666667,
8,2612414.9948,1269058.986,205.0473333333333,60,262.5919,57.5445666666667,
8,2612406.76914779,1269039.1275188762,205.0473333333333,61,262.5049,57.45756666666671,
8,2612386.9106666665,1269030.9018666667,205.0473333333333,62,255.1424,50.095066666666696,MIN
8,2612367.052185543,1269039.1275188762,205.0473333333333,63,255.47799999999998,50.43066666666667,
8,2612358.826533333,1269058.986,205.0473333333333,64,256.007,50.95966666666669,
8,2612367.052185543,1269078.8444811238,205.0473333333333,65,257.7168,52.669466666666665,
8,2612386.9106666665,1269087.0701333333,205.0473333333333,66,262.2828,57.235466666666696,
9,2612426.331,1269029.594,203.058,67,262.7191,59.66110000000003,
9,2612445.50570793,1269052.4455270628,203.058,68,262.8835,59.825500000000034,
9,2612455.7083569164,1269034.7740206462,203.058,69,262.83099999999996,59.77299999999997,
9,2612452.1650141086,1269014.678725,203.058,70,263.0808,60.02280000000002,
9,2612436.5336489864,1269001.5624522911,203.058,71,262.5492,59.49119999999999,
9,2612416.128351013,1269001.5624522911,203.058,72,262.4206,59.362599999999986,
9,2612400.496985891,1269014.678725,203.058,73,259.9431,56.88510000000002,MIN
9,2612396.953643083,1269034.7740206462,203.058,74,262.2468,59.188800000000015,
9,2612407.1562920697,1269052.4455270628,203.058,75,262.5475,59.48950000000002,
9,2612426.331,1269059.42455,203.058,76,262.6213,59.56330000000003,
10,2612454.7616933333,1268988.6764666666,203.26494666666733,77,262.5993,59.3343533333327,
10,2612473.831386909,1269011.4028424951,203.26494666666733,78,262.712,59.44705333333266,
10,2612483.9781589247,1268993.8281178314,203.26494666666733,79,262.7502,59.48525333333268,
10,2612480.4542219853,1268973.8428783333,203.26494666666733,80,262.7736,59.50865333333266,
10,2612464.9084653486,1268960.7984396734,203.26494666666733,81,262.8657,59.600753333332676,
10,2612444.614921318,1268960.7984396734,203.26494666666733,82,262.4168,59.151853333332696,
10,2612429.0691646812,1268973.8428783333,203.26494666666733,83,262.3063,59.041353333332694,MIN
10,2612425.545227742,1268993.8281178314,203.26494666666733,84,262.3635,59.09855333333266,
10,2612435.6919997577,1269011.4028424951,203.26494666666733,85,262.6749,59.40995333333265,
10,2612454.7616933333,1269018.3436433333,203.26494666666733,86,262.7814,59.51645333333269,
11,2612483.1923866663,1268947.7589333334,203.4718933333328,87,262.836,59.364106666667226,
11,2612502.271642779,1268970.4967053498,203.4718933333328,88,262.7322,59.26030666666719,
11,2612512.423502914,1268952.9131678042,203.4718933333328,89,262.8415,59.36960666666721,
11,2612508.8977988893,1268932.9179066669,203.4718933333328,90,262.7729,59.301006666667206,
11,2612493.3442468015,1268919.8669268463,203.4718933333328,91,262.8025,59.33060666666722,
11,2612473.040526531,1268919.8669268463,203.4718933333328,92,262.9788,59.50690666666719,
11,2612457.4869744433,1268932.9179066669,203.4718933333328,93,262.8366,59.36470666666719,
11,2612453.9612704185,1268952.9131678042,203.4718933333328,94,262.5996,59.12770666666722,MIN
11,2612464.1131305536,1268970.4967053498,203.4718933333328,95,262.8311,59.359206666667205,
11,2612483.1923866663,1268977.4409866668,203.4718933333328,96,262.743,59.27110666666721,
12,2612511.62308,1268906.8414,203.67884000000012,97,262.8152,59.13635999999988,
12,2612530.6291397447,1268929.4919399822,203.67884000000012,98,262.7561,59.07725999999988,
12,2612540.742052906,1268911.975860574,203.67884000000012,99,262.7218,59.04295999999985,
12,2612537.2298750235,1268892.05731,203.67884000000012,100,262.6726,58.99375999999987,MIN
12,2612521.7359931613,1268879.056399444,203.67884000000012,101,262.7391,59.060259999999886,
12,2612501.5101668383,1268879.056399444,203.67884000000012,102,264.0956,60.41675999999987,
12,2612486.016284976,1268892.05731,203.67884000000012,103,264.093,60.414159999999896,
12,2612482.5041070934,1268911.975860574,203.67884000000012,104,263.1258,59.446959999999905,
12,2612492.617020255,1268929.4919399822,203.67884000000012,105,262.7028,59.0239599999999,
12,2612511.62308,1268936.40958,203.67884000000012,106,262.7302,59.0513599999999,
13,2612540.0537733333,1268865.9238666666,203.88578666666746,107,262.6445,58.75871333333254,MIN
13,2612558.938459779,1268888.4297595834,203.88578666666746,108,262.748,58.862213333332534,
13,2612568.986791557,1268871.0255384129,203.88578666666746,109,262.6739,58.78811333333255,
13,2612565.4970425535,1268851.2341883334,203.88578666666746,110,262.7758,58.89001333333255,
13,2612550.1021051113,1268838.3163020036,203.88578666666746,111,262.6805,58.79471333333254,
13,2612530.0054415553,1268838.3163020036,203.88578666666746,112,262.6704,58.784613333332516,
13,2612514.610504113,1268851.2341883334,203.88578666666746,113,263.3088,59.42301333333256,
13,2612511.1207551095,1268871.0255384129,203.88578666666746,114,262.7566,58.870813333332535,
13,2612521.1690868875,1268888.4297595834,203.88578666666746,115,262.649,58.763213333332544,
13,2612540.0537733333,1268895.3032233333,203.88578666666746,116,262.7807,58.89491333333257,
14,2612568.4844666664,1268825.0063333334,204.0927333333329,117,262.6827,58.589966666667124,MIN
14,2612587.314918979,1268847.4475925271,204.0927333333329,118,262.7978,58.70506666666711,
14,2612597.3343933774,1268830.093353804,204.0927333333329,119,262.7812,58.688466666667125,
14,2612593.8546664366,1268810.3588416667,204.0927333333329,120,262.7603,58.667566666667085,
14,2612578.5039410647,1268797.478053669,204.0927333333329,121,262.9611,58.8683666666671,
14,2612558.464992268,1268797.478053669,204.0927333333329,122,262.8003,58.707566666667105,
14,2612543.114266896,1268810.3588416667,204.0927333333329,123,262.7155,58.62276666666713,
14,2612539.6345399553,1268830.093353804,204.0927333333329,124,262.7016,58.6088666666671,
14,2612549.6540143536,1268847.4475925271,204.0927333333329,125,262.7775,58.68476666666709,
14,2612568.4844666664,1268854.3013166669,204.0927333333329,126,262.7758,58.683066666667116,
15,2612596.91516,1268784.0888,204.29968000000022,127,263.6678,59.36811999999978,
15,2612615.995705973,1268806.8281092122,204.29968000000022,128,262.6976,58.3979199999998,MIN
15,2612626.1482524285,1268789.2433829247,204.29968000000022,129,262.7054,58.405719999999775,
15,2612622.6223100475,1268769.24677,204.29968000000022,130,262.8509,58.5512199999998,
15,2612607.0677064555,1268756.1949078632,204.29968000000022,131,263.6914,59.391719999999765,
15,2612586.7626135442,1268756.1949078632,204.29968000000022,132,262.8208,58.5211199999998,
15,2612571.208009952,1268769.24677,204.29968000000022,133,262.7447,58.4450199999998,
15,2612567.682067571,1268789.2433829247,204.29968000000022,134,262.7423,58.44261999999978,
15,2612577.834614027,1268806.8281092122,204.29968000000022,135,263.189,58.8893199999998,
15,2612596.91516,1268813.7728600001,204.29968000000022,136,262.7178,58.41811999999979,
16,2612625.345853333,1268743.1712666666,204.50662666666648,137,262.8308,58.32417333333353,
16,2612644.090881315,1268765.5107211075,204.50662666666648,138,262.7892,58.28257333333352,
16,2612654.0649023764,1268748.2352098732,204.50662666666648,139,262.7889,58.282273333333535,MIN
16,2612650.6009612135,1268728.5902233333,204.50662666666648,140,262.879,58.37237333333354,
16,2612635.319874394,1268715.7678690192,204.50662666666648,141,262.871,58.3643733333335,
16,2612615.3718322716,1268715.7678690192,204.50662666666648,142,262.861,58.35437333333351,
16,2612600.0907454523,1268728.5902233333,204.50662666666648,143,262.8578,58.35117333333352,
16,2612596.6268042894,1268748.2352098732,204.50662666666648,144,263.2566,58.749973333333514,
16,2612606.6008253507,1268765.5107211075,204.50662666666648,145,263.3254,58.818773333333525,
16,2612625.345853333,1268772.3333533332,204.50662666666648,146,262.856,58.34937333333352,
17,2612653.7765466664,1268702.2537333334,204.71357333333302,147,262.7537,58.040126666666964,
17,2612672.4302838095,1268724.484391589,204.71357333333302,148,263.6029,58.88932666666696,
17,2612682.3557300298,1268707.293014447,204.71357333333302,149,256.4987,51.78512666666697,MIN
17,2612678.9086587327,1268687.7437016668,204.71357333333302,150,262.9033,58.189726666666985,
17,2612663.701992887,1268674.9837939644,204.71357333333302,151,263.0164,58.30282666666696,
17,2612643.8511004457,1268674.9837939644,204.71357333333302,152,262.9931,58.27952666666701,
17,2612628.6444346,1268687.7437016668,204.71357333333302,153,262.7217,58.00812666666698,
17,2612625.197363303,1268707.293014447,204.71357333333302,154,262.8918,58.17822666666697,
17,2612635.1228095233,1268724.484391589,204.71357333333302,155,262.8547,58.14112666666696,
17,2612653.7765466664,1268731.2737966669,204.71357333333302,156,262.911,58.197426666666985,
18,2612682.20724,1268661.3362,204.92052000000035,157,262.8964,57.97587999999968,
18,2612700.840328662,1268683.5422503545,204.92052000000035,158,262.812,57.89147999999966,MIN
18,2612710.7547880556,1268666.3699029554,204.92052000000035,159,262.8787,57.95817999999963,
18,2612707.3115324434,1268646.84223,204.92052000000035,160,263.0896,58.16907999999967,
18,2612692.1216993933,1268634.0964466901,204.92052000000035,161,262.9042,57.98367999999965,
18,2612672.2927806065,1268634.0964466901,204.92052000000035,162,263.0273,58.106779999999674,
18,2612657.1029475564,1268646.84223,204.92052000000035,163,263.0421,58.12157999999965,
18,2612653.6596919443,1268666.3699029554,204.92052000000035,164,263.005,58.084479999999644,
18,2612663.5741513376,1268683.5422503545,204.92052000000035,165,262.9307,58.01017999999965,
18,2612682.20724,1268690.32414,204.92052000000035,166,263.1223,58.201779999999644,
19,2612710.637933333,1268620.4186666666,205.12746666666658,167,262.9212,57.79373333333342,
19,2612729.212481185,1268642.5549508003,205.12746666666658,168,263.0099,57.88243333333344,
19,2612739.095791664,1268625.4365549036,205.12746666666658,169,262.9789,57.85143333333343,
19,2612735.663353956,1268605.9702333333,205.12746666666658,170,263.0217,57.89423333333343,
19,2612720.521243812,1268593.2644942962,205.12746666666658,171,262.9536,57.826133333333416,
19,2612700.754622854,1268593.2644942962,205.12746666666658,172,263.0639,57.93643333333341,
19,2612685.61251271,1268605.9702333333,205.12746666666658,173,263.0363,57.908833333333405,
19,2612682.180075002,1268625.4365549036,205.12746666666658,174,262.9792,57.851733333333414,
19,2612692.063385481,1268642.5549508003,205.12746666666658,175,262.8984,57.7709333333334,MIN
19,2612710.637933333,1268649.3155333332,205.12746666666658,176,262.9006,57.77313333333342,
20,2612739.0686266664,1268579.5011333334,205.33441333333315,177,262.9296,57.59518666666685,
20,2612757.5793628497,1268601.5613696817,205.33441333333315,178,262.92,57.58558666666687,
20,2612767.4287198493,1268584.501782937,205.33441333333315,179,262.8904,57.555986666666854,
20,2612764.008074061,1268565.1023366668,205.33441333333315,180,263.0074,57.67298666666687,
20,2612748.9179836656,1268552.4402473818,205.33441333333315,181,263.0579,57.72348666666687,
20,2612729.2192696673,1268552.4402473818,205.33441333333315,182,263.0951,57.76068666666686,
20,2612714.129179272,1268565.1023366668,205.33441333333315,183,263.0707,57.73628666666684,
20,2612710.7085334836,1268584.501782937,205.33441333333315,184,263.0789,57.74448666666683,
20,2612720.557890483,1268601.5613696817,205.33441333333315,185,262.8878,57.55338666666688,MIN
20,2612739.0686266664,1268608.2987266667,205.33441333333315,186,263.0217,57.687286666666864,
21,2612767.49932,1268538.5836,205.54136000000048,187,263.0215,57.48013999999952,
21,2612785.9730808972,1268560.5997709183,205.54136000000048,188,262.9394,57.3980399999995,
21,2612795.802763758,1268543.5742607815,205.54136000000048,189,263.1644,57.62303999999952,
21,2612792.3889507265,1268524.213565,205.54136000000048,190,263.2343,57.69293999999954,
21,2612777.3290028605,1268511.5767683,205.54136000000048,191,262.9553,57.41393999999954,
21,2612757.6696371394,1268511.5767683,205.54136000000048,192,263.096,57.55463999999952,
21,2612742.6096892734,1268524.213565,205.54136000000048,193,263.1388,57.59743999999952,
21,2612739.1958762417,1268543.5742607815,205.54136000000048,194,263.1951,57.653739999999544,
21,2612749.0255591027,1268560.5997709183,205.54136000000048,195,262.8136,57.27223999999953,MIN
21,2612767.49932,1268567.32367,205.54136000000048,196,262.9026,57.361239999999526,
22,2612795.930013333,1268497.6660666668,205.7483066666659,197,262.9843,57.23599333333411,
22,2612816.1659928397,1268517.9020461738,205.7483066666659,198,263.1177,57.3693933333341,
22,2612824.5480099996,1268497.6660666668,205.7483066666659,199,263.7741,58.025793333334065,
22,2612816.1659928397,1268477.4300871599,205.7483066666659,200,263.2342,57.485893333334076,
22,2612795.930013333,1268469.0480700003,205.7483066666659,201,262.9494,57.201093333334114,MIN
22,2612775.6940338262,1268477.4300871599,205.7483066666659,202,263.0379,57.28959333333407,
22,2612767.3120166664,1268497.6660666668,205.7483066666659,203,263.0879,57.33959333333408,
22,2612775.6940338262,1268517.9020461738,205.7483066666659,204,262.9651,57.216793333334095,
22,2612795.930013333,1268526.2840633334,205.7483066666659,205,263.1586,57.41029333333407,
23,2612824.3607066665,1268456.7485333334,205.95525333333325,206,262.8699,56.91464666666673,
23,2612844.48307297,1268476.8708996368,205.95525333333325,207,262.9175,56.96224666666677,
23,2612852.8180299997,1268456.7485333334,205.95525333333325,208,262.7272,56.771946666666736,MIN
23,2612844.48307297,1268436.62616703,205.95525333333325,209,262.8552,56.89994666666678,
23,2612824.3607066665,1268428.2912100002,205.95525333333325,210,262.8156,56.86034666666677,
23,2612804.238340363,1268436.62616703,205.95525333333325,211,263.1657,57.21044666666677,
23,2612795.9033833332,1268456.7485333334,205.95525333333325,212,263.0153,57.06004666666678,
23,2612804.238340363,1268476.8708996368,205.95525333333325,213,262.9023,56.94704666666678,
23,2612824.3607066665,1268485.2058566667,205.95525333333325,214,263.7856,57.83034666666674,
24,2612852.7914,1268415.831,206.1622000000006,215,262.899,56.73679999999939,
24,2612872.8508880115,1268435.8904880115,206.1622000000006,216,255.873,49.71079999999938,MIN
24,2612881.1598,1268415.831,206.1622000000006,217,262.8789,56.71669999999938,
24,2612872.8508880115,1268395.7715119885,206.1622000000006,218,262.7802,56.61799999999937,
24,2612852.7914,1268387.4626,206.1622000000006,219,262.8459,56.68369999999936,
24,2612832.7319119885,1268395.7715119885,206.1622000000006,220,262.9191,56.756899999999405,
24,2612824.423,1268415.831,206.1622000000006,221,262.8484,56.68619999999942,
24,2612832.7319119885,1268435.8904880115,206.1622000000006,222,262.7733,56.6110999999994,
24,2612852.7914,1268444.1994,206.1622000000006,223,263.1964,57.03419999999937,
25,2612881.222093333,1268374.9134666668,206.36914666666604,224,262.7323,56.36315333333397,
25,2612901.1494772984,1268394.8408506324,206.36914666666604,225,262.596,56.22685333333396,MIN
25,2612909.40367,1268374.9134666668,206.36914666666604,226,262.7626,56.39345333333398,
25,2612901.1494772984,1268354.9860827012,206.36914666666604,227,262.8365,56.46735333333396,
25,2612881.222093333,1268346.7318900002,206.36914666666604,228,262.9353,56.56615333333394,
25,2612861.2947093677,1268354.9860827012,206.36914666666604,229,262.878,56.508853333333946,
25,2612853.040516666,1268374.9134666668,206.36914666666604,230,262.9251,56.555953333333946,
25,2612861.2947093677,1268394.8408506324,206.36914666666604,231,262.7914,56.42225333333397,
25,2612881.222093333,1268403.0950433335,206.36914666666604,232,262.7563,56.38715333333397,
26,2612909.6527866665,1268333.9959333334,206.57609333333338,233,262.8506,56.27450666666661,
26,2612929.5488293027,1268353.8919759693,206.57609333333338,234,262.7895,56.2134066666666,
26,2612937.79004,1268333.9959333334,206.57609333333338,235,262.9245,56.34840666666665,
26,2612929.5488293027,1268314.0998906975,206.57609333333338,236,262.8947,56.318606666666625,
26,2612909.6527866665,1268305.85868,206.57609333333338,237,262.9019,56.32580666666664,
26,2612889.7567440304,1268314.0998906975,206.57609333333338,238,262.9795,56.4034066666666,
26,2612881.515533333,1268333.9959333334,206.57609333333338,239,262.8702,56.294106666666636,
26,2612889.7567440304,1268353.8919759693,206.57609333333338,240,262.8168,56.240706666666625,
26,2612909.6527866665,1268362.1331866668,206.57609333333338,241,262.7749,56.19880666666663,MIN
27,2612938.08348,1268293.0784,206.7830400000007,242,262.8806,56.097559999999305,
27,2612957.916962542,1268312.911882542,206.7830400000007,243,262.6763,55.893259999999316,MIN
27,2612966.13226,1268293.0784,206.7830400000007,244,262.8744,56.09135999999927,
27,2612957.916962542,1268273.244917458,206.7830400000007,245,262.8053,56.02225999999928,
27,2612938.08348,1268265.02962,206.7830400000007,246,262.7554,55.9723599999993,
27,2612918.249997458,1268273.244917458,206.7830400000007,247,262.8185,56.03545999999926,
27,2612910.0347,1268293.0784,206.7830400000007,248,262.8714,56.088359999999284,
27,2612918.249997458,1268312.911882542,206.7830400000007,249,262.9778,56.19475999999929,
27,2612938.08348,1268321.12718,206.7830400000007,250,262.8781,56.09505999999931,
28,2612966.514173333,1268252.1608666668,206.98998666666617,251,262.7668,55.77681333333382,
28,2612986.2342548035,1268271.8809481373,206.98998666666617,252,262.9362,55.946213333333816,
28,2612994.4025799995,1268252.1608666668,206.98998666666617,253,262.9396,55.949613333333815,
28,2612986.2342548035,1268232.4407851964,206.98998666666617,254,262.7523,55.76231333333382,MIN
28,2612966.514173333,1268224.2724600001,206.98998666666617,255,262.9019,55.91191333333384,
28,2612946.7940918626,1268232.4407851964,206.98998666666617,256,262.8456,55.85561333333382,
28,2612938.6257666666,1268252.1608666668,206.98998666666617,257,262.87,55.880013333333835,
28,2612946.7940918626,1268271.8809481373,206.98998666666617,258,262.8931,55.903113333333835,
28,2612966.514173333,1268280.0492733335,206.98998666666617,259,262.8223,55.832313333333815,
29,2612994.9448666666,1268211.2433333334,207.1969333333335,260,262.8112,55.61426666666648,
29,2613014.607479212,1268230.9059458787,207.1969333333335,261,262.8087,55.61176666666648,MIN
29,2613022.752,1268211.2433333334,207.1969333333335,262,262.8371,55.64016666666652,
29,2613014.607479212,1268191.580720788,207.1969333333335,263,262.8919,55.69496666666652,
29,2612994.9448666666,1268183.4362,207.1969333333335,264,262.8445,55.64756666666648,
29,2612975.2822541213,1268191.580720788,207.1969333333335,265,262.8403,55.64336666666651,
29,2612967.1377333333,1268211.2433333334,207.1969333333335,266,262.8322,55.635266666666496,
29,2612975.2822541213,1268230.9059458787,207.1969333333335,267,262.8207,55.623766666666484,
29,2612994.9448666666,1268239.0504666667,207.1969333333335,268,262.9515,55.754566666666506,
30,2613023.3755599996,1268170.3258,207.40387999999973,269,262.8657,55.46182000000027,
30,2613042.984274509,1268189.9345145095,207.40387999999973,270,260.4496,53.045720000000244,MIN
30,2613051.1064699995,1268170.3258,207.40387999999973,271,260.6365,53.23262000000028,
30,2613042.984274509,1268150.7170854905,207.40387999999973,272,263.2273,55.82342000000028,
30,2613023.3755599996,1268142.59489,207.40387999999973,273,262.9247,55.52082000000024,
30,2613003.7668454903,1268150.7170854905,207.40387999999973,274,262.9396,55.53572000000025,
30,2612995.6446499997,1268170.3258,207.40387999999973,275,262.8807,55.47682000000026,
30,2613003.7668454903,1268189.9345145095,207.40387999999973,276,262.8062,55.40232000000026,
30,2613023.3755599996,1268198.05671,207.40387999999973,277,263.1048,55.70092000000028,
31,2613051.806253333,1268129.4082666668,207.61082666666627,278,263.2098,55.5989733333337,
31,2613071.4634588687,1268149.0654722024,207.61082666666627,279,260.439,52.82817333333375,
31,2613079.6057399996,1268129.4082666668,207.61082666666627,280,260.2914,52.68057333333374,MIN
31,2613071.4634588687,1268109.7510611312,207.61082666666627,281,263.4959,55.885073333333736,
31,2613051.806253333,1268101.6087800001,207.61082666666627,282,263.1753,55.56447333333372,
31,2613032.1490477975,1268109.7510611312,207.61082666666627,283,263.4127,55.8018733333337,
31,2613024.0067666667,1268129.4082666668,207.61082666666627,284,263.2217,55.61087333333373,
31,2613032.1490477975,1268149.0654722024,207.61082666666627,285,262.8791,55.268273333333724,
31,2613051.806253333,1268157.2077533335,207.61082666666627,286,260.3592,52.74837333333372,
32,2613080.2369466666,1268088.4907333334,207.8177733333336,287,263.1715,55.353726666666375,
32,2613099.807444412,1268108.0612310783,207.8177733333336,288,260.2395,52.421726666666416,MIN
32,2613107.91381,1268088.4907333334,207.8177733333336,289,260.3839,52.56612666666638,
32,2613099.807444412,1268068.9202355884,207.8177733333336,290,263.58799999999997,55.77022666666636,
32,2613080.2369466666,1268060.81387,207.8177733333336,291,263.9778,56.1600266666664,
32,2613060.6664489214,1268068.9202355884,207.8177733333336,292,262.9388,55.12102666666641,
32,2613052.5600833334,1268088.4907333334,207.8177733333336,293,263.6397,55.8219266666664,
32,2613060.6664489214,1268108.0612310783,207.8177733333336,294,263.2179,55.40012666666638,
32,2613080.2369466666,1268116.1675966668,207.8177733333336,295,260.2469,52.42912666666638,
33,2613108.6676399997,1268047.5732,208.02471999999986,296,263.7286,55.70388000000011,
33,2613128.361935643,1268067.267495643,208.02471999999986,297,257.008,48.98328000000012,
33,2613136.5195799996,1268047.5732,208.02471999999986,298,263.639,55.61428000000015,
33,2613128.361935643,1268027.8789043569,208.02471999999986,299,262.0706,54.04588000000015,
33,2613108.6676399997,1268019.72126,208.02471999999986,300,257.6864,49.66168000000013,
33,2613088.9733443563,1268027.8789043569,208.02471999999986,301,257.6072,49.58248000000012,
33,2613080.8156999997,1268047.5732,208.02471999999986,302,255.9975,47.97278000000014,MIN
33,2613088.9733443563,1268067.267495643,208.02471999999986,303,263.7678,55.74308000000016,
33,2613108.6676399997,1268075.42514,208.02471999999986,304,263.6069,55.582180000000136,
34,2613137.098333333,1268006.6556666668,208.2316666666664,305,257.9373,49.705633333333594,
34,2613156.529047831,1268022.1511444058,208.2316666666664,306,263.7206,55.48893333333359,
34,2613161.3280379977,1268001.1253946908,208.2316666666664,307,260.2598,52.028133333333585,
34,2613147.881566356,1267984.2640525706,208.2316666666664,308,257.7981,49.56643333333358,
34,2613126.3151003104,1267984.2640525706,208.2316666666664,309,257.7437,49.51203333333359,
34,2613112.8686286686,1268001.1253946908,208.2316666666664,310,257.7497,49.51803333333362,
34,2613117.6676188353,1268022.1511444058,208.2316666666664,311,257.7183,49.4866333333336,MIN
34,2613137.098333333,1268031.5084833335,208.2316666666664,312,263.9177,55.686033333333626,
35,2613165.5290266667,1267965.7381333334,208.43861333333373,313,257.7426,49.30398666666625,
35,2613184.80273116,1267981.1083997723,208.43861333333373,314,257.6763,49.23768666666629,
35,2613189.562943058,1267960.252548753,208.43861333333373,315,257.7816,49.34298666666629,
35,2613176.225125711,1267943.5274548084,208.43861333333373,316,257.8329,49.39428666666626,
35,2613154.8329276224,1267943.5274548084,208.43861333333373,317,258.0502,49.611586666666284,
35,2613141.495110275,1267960.252548753,208.43861333333373,318,257.843,49.404386666666284,
35,2613146.2553221732,1267981.1083997723,208.43861333333373,319,257.7981,49.35948666666624,
35,2613165.5290266667,1267990.3901266668,208.43861333333373,320,257.6409,49.202286666666254,MIN
36,2613193.9597199997,1267924.8206,208.64556,321,257.9133,49.26774,
36,2613213.219255101,1267940.1795667254,208.64556,322,258.0695,49.423940000000016,
36,2613217.9759674477,1267919.3390482406,208.64556,323,257.9198,49.27424000000002,
36,2613204.6479556244,1267902.626250034,208.64556,324,257.7713,49.12574000000001,MIN
36,2613183.271484375,1267902.626250034,208.64556,325,257.9413,49.29574000000002,
36,2613169.9434725516,1267919.3390482406,208.64556,326,257.8149,49.169340000000034,
36,2613174.7001848985,1267940.1795667254,208.64556,327,257.9309,49.28534000000002,
36,2613193.9597199997,1267949.45447,208.64556,328,257.8316,49.18603999999999,
37,2613222.390413333,1267883.9030666668,208.85250666666653,329,258.2579,49.40539333333348,
37,2613241.703759289,1267899.3049461169,208.85250666666653,330,259.5049,50.65239333333349,
37,2613246.47376182,1267878.4061995333,208.85250666666653,331,259.5651,50.712593333333444,
37,2613233.108511729,1267861.646706017,208.85250666666653,332,258.1603,49.30779333333348,
37,2613211.672314937,1267861.646706017,208.85250666666653,333,258.3545,49.501993333333445,
37,2613198.3070648466,1267878.4061995333,208.85250666666653,334,258.1832,49.33069333333347,
37,2613203.0770673775,1267899.3049461169,208.85250666666653,335,258.025,49.17249333333345,MIN
37,2613222.390413333,1267908.6057633334,208.85250666666653,336,258.2725,49.41999333333345,
38,2613250.8211066667,1267842.9855333334,209.05945333333386,337,258.0158,48.95634666666615,
38,2613269.958913212,1267858.2474247748,209.05945333333386,338,259.8906,50.83114666666614,
38,2613274.6855610884,1267837.5386273416,209.05945333333386,339,259.8292,50.76974666666615,
38,2613261.441788039,1267820.9314612169,209.05945333333386,340,258.1062,49.04674666666614,
38,2613240.200425294,1267820.9314612169,209.05945333333386,341,257.9933,48.93384666666611,MIN
38,2613226.956652245,1267837.5386273416,209.05945333333386,342,258.0942,49.03474666666614,
38,2613231.683300121,1267858.2474247748,209.05945333333386,343,258.2683,49.20884666666615,
38,2613250.8211066667,1267867.4637066666,209.05945333333386,344,259.7254,50.665946666666116,
39,2613279.2517999997,1267802.068,209.2664000000001,345,258.1896,48.923199999999895,
39,2613298.3766489914,1267817.319558137,209.2664000000001,346,259.9735,50.70709999999991,
39,2613303.1000966164,1267796.624781922,209.2664000000001,347,258.3545,49.08809999999988,
39,2613289.8652904727,1267780.0288599408,209.2664000000001,348,258.2113,48.944899999999905,
39,2613268.6383095267,1267780.0288599408,209.2664000000001,349,257.643,48.37659999999988,MIN
39,2613255.403503383,1267796.624781922,209.2664000000001,350,258.1825,48.916099999999915,
39,2613260.126951008,1267817.319558137,209.2664000000001,351,258.0782,48.81179999999989,
39,2613279.2517999997,1267826.5296,209.2664000000001,352,258.1295,48.86309999999992,
40,2613307.6824933332,1267761.1504666668,209.47334666666663,353,258.9674,49.49405333333337,
40,2613327.030497879,1267776.5799854198,209.47334666666663,354,258.5574,49.084053333333344,
40,2613331.8090603743,1267755.6437351804,209.47334666666663,355,260.23,50.75665333333339,
40,2613318.4198257956,1267738.854166067,209.47334666666663,356,259.751,50.27765333333335,
40,2613296.945160871,1267738.854166067,209.47334666666663,357,258.5548,49.08145333333337,
40,2613283.555926292,1267755.6437351804,209.47334666666663,358,257.6947,48.22135333333338,MIN
40,2613288.3344887877,1267776.5799854198,209.47334666666663,359,257.9184,48.44505333333339,
40,2613307.6824933332,1267785.8974933336,209.47334666666663,360,258.4828,49.00945333333337,
41,2613336.1131866663,1267720.2329333334,209.68029333333288,361,259.5747,49.89440666666712,
41,2613355.617695632,1267735.7872601966,209.68029333333288,362,259.9358,50.25550666666709,
41,2613360.4349115267,1267714.681658348,209.68029333333288,363,259.5616,49.881306666667115,
41,2613346.937372529,1267697.756279789,209.68029333333288,364,259.5737,49.89340666666709,
41,2613325.2890008036,1267697.756279789,209.68029333333288,365,259.29900000000004,49.61870666666715,
41,2613311.791461806,1267714.681658348,209.68029333333288,366,258.8636,49.183306666667136,MIN
41,2613316.6086777006,1267735.7872601966,209.68029333333288,367,259.751,50.07070666666709,
41,2613336.1131866663,1267745.1801366666,209.68029333333288,368,260.1478,50.467506666667134,
42,2613364.54388,1267679.3154,209.88724000000022,369,259.0315,49.144259999999775,
42,2613383.755144825,1267694.6358724649,209.88724000000022,370,259.5515,49.66425999999976,
42,2613388.4999353983,1267673.847586683,209.88724000000022,371,257.7777,47.89045999999976,
42,2613375.205327642,1267657.176675852,209.88724000000022,372,248.6088,38.72155999999978,MIN
42,2613353.8824323574,1267657.176675852,209.88724000000022,373,256.4474,46.5601599999998,
42,2613340.587824601,1267673.847586683,209.88724000000022,374,258.8589,48.97165999999979,
42,2613345.3326151744,1267694.6358724649,209.88724000000022,375,259.4297,49.54245999999981,
42,2613364.54388,1267703.88753,209.88724000000022,376,259.7675,49.880259999999765,
43,2613392.9745733333,1267638.3978666668,210.09418666666676,377,245.4293,35.335113333333254,
43,2613409.7774182283,1267643.857441926,210.09418666666676,378,245.4238,35.32961333333324,
43,2613403.359302586,1267624.1045130743,210.09418666666676,379,245.4625,35.36831333333325,
43,2613382.5898440806,1267624.1045130743,210.09418666666676,380,245.416,35.32181333333324,MIN
43,2613376.171728438,1267643.857441926,210.09418666666676,381,245.4354,35.34121333333323,
43,2613392.9745733333,1267656.0654233336,210.09418666666676,382,246.8513,36.75711333333325,
44,2613421.4052666663,1267597.4803333334,210.30113333333298,383,245.4094,35.10826666666702,
44,2613438.100239561,1267602.9048588548,210.30113333333298,384,245.4865,35.18536666666702,
44,2613431.7233273564,1267583.2787411453,210.30113333333298,385,245.5494,35.24826666666701,
44,2613411.0872059762,1267583.2787411453,210.30113333333298,386,245.3809,35.07976666666701,MIN
44,2613404.7102937717,1267602.9048588548,210.30113333333298,387,245.4128,35.11166666666702,
44,2613421.4052666663,1267615.0344666666,210.30113333333298,388,245.4372,35.136066666667006,
45,2613449.83596,1267556.5628,210.50808000000035,389,245.5144,35.00631999999965,
45,2613466.4824543735,1267561.9715738953,210.50808000000035,390,245.5124,35.004319999999666,
45,2613460.1240593162,1267542.4024461047,210.50808000000035,391,245.4319,34.923819999999665,
45,2613439.5478606834,1267542.4024461047,210.50808000000035,392,245.4817,34.97361999999964,
45,2613433.189465626,1267561.9715738953,210.50808000000035,393,245.3863,34.87821999999966,MIN
45,2613449.83596,1267574.06596,210.50808000000035,394,245.5671,35.05901999999966,
46,2613478.2666533333,1267515.6452666668,210.7150266666669,395,245.588,34.87297333333311,
46,2613494.849737599,1267521.033437369,210.7150266666669,396,245.4873,34.77227333333312,MIN
46,2613488.515563048,1267501.5388526313,210.7150266666669,397,245.7309,35.015873333333104,
46,2613468.0177436187,1267501.5388526313,210.7150266666669,398,245.8112,35.09617333333313,
46,2613461.6835690676,1267521.033437369,210.7150266666669,399,245.5178,34.80277333333311,
46,2613478.2666533333,1267533.0817533333,210.7150266666669,400,245.5557,34.840673333333115,
47,2613506.6973466664,1267474.7277333334,210.9219733333331,401,247.9749,37.05292666666688,
47,2613524.3170603435,1267480.452725349,210.9219733333331,402,251.1392,40.217226666666875,
47,2613517.5869285907,1267459.739509651,210.9219733333331,403,248.9091,37.98712666666688,
47,2613495.807764742,1267459.739509651,210.9219733333331,404,245.5458,34.6238266666669,MIN
47,2613489.0776329893,1267480.452725349,210.9219733333331,405,245.6967,34.77472666666688,
47,2613506.6973466664,1267493.2541966666,210.9219733333331,406,247.9825,37.060526666666874,
48,2613535.12804,1267433.8102000002,211.12891999999965,407,252.0939,40.96498000000034,
48,2613552.8663966726,1267444.051445,211.12891999999965,408,251.3487,40.219780000000355,
48,2613552.8663966726,1267423.5689550003,211.12891999999965,409,252.5039,41.374980000000335,
48,2613535.12804,1267413.32771,211.12891999999965,410,252.7129,41.58398000000034,
48,2613517.389683327,1267423.5689550003,211.12891999999965,411,247.8038,36.67488000000034,
48,2613517.389683327,1267444.051445,211.12891999999965,412,247.5317,36.40278000000035,MIN
48,2613535.12804,1267454.2926900003,211.12891999999965,413,251.16299999999998,40.03408000000033,
49,2613563.5587333334,1267392.8926666668,211.33586666666702,414,251.7906,40.454733333332996,
49,2613581.0761467186,1267403.0063500002,211.33586666666702,415,253.2742,41.93833333333299,
49,2613581.0761467186,1267382.7789833334,211.33586666666702,416,253.2208,41.88493333333298,
49,2613563.5587333334,1267372.6653,211.33586666666702,417,251.4121,40.07623333333299,
49,2613546.041319948,1267382.7789833334,211.33586666666702,418,251.3087,39.97283333333297,MIN
49,2613546.041319948,1267403.0063500002,211.33586666666702,419,251.8902,40.55433333333298,
49,2613563.5587333334,1267413.1200333335,211.33586666666702,420,252.4826,41.146733333332975,
50,2613591.9894266664,1267351.9751333334,211.54281333333324,421,251.233,39.69018666666676,
50,2613609.1757816337,1267361.89768,211.54281333333324,422,250.6554,39.11258666666674,
50,2613609.1757816337,1267342.0525866668,211.54281333333324,423,250.5354,38.99258666666677,MIN
50,2613591.9894266664,1267332.13004,211.54281333333324,424,252.5235,40.98068666666677,
50,2613574.803071699,1267342.0525866668,211.54281333333324,425,252.6857,41.142886666666755,
50,2613574.803071699,1267361.89768,211.54281333333324,426,252.5321,40.98928666666677,
50,2613591.9894266664,1267371.8202266668,211.54281333333324,427,251.977,40.43418666666676,
51,2613620.42012,1267311.0576000002,211.74975999999978,428,253.0233,41.273540000000224,
51,2613638.292087072,1267321.3759850003,211.74975999999978,429,253.0817,41.33194000000023,
51,2613638.292087072,1267300.739215,211.74975999999978,430,253.122,41.37224000000023,
51,2613620.42012,1267290.4208300002,211.74975999999978,431,252.2407,40.49094000000022,
51,2613602.548152928,1267300.739215,211.74975999999978,432,251.62599999999998,39.876240000000195,MIN
51,2613602.548152928,1267321.3759850003,211.74975999999978,433,253.0373,41.287540000000206,
51,2613620.42012,1267331.6943700002,211.74975999999978,434,251.6722,39.92244000000022,
52,2613648.8508133334,1267270.1400666668,211.95670666666712,435,253.4611,41.50439333333287,
52,2613666.822742831,1267280.5161650002,211.95670666666712,436,253.68400000000003,41.72729333333291,
52,2613666.822742831,1267259.7639683334,211.95670666666712,437,253.6127,41.65599333333287,
52,2613648.8508133334,1267249.3878700002,211.95670666666712,438,253.5311,41.57439333333289,
52,2613630.878883836,1267259.7639683334,211.95670666666712,439,253.1526,41.19589333333289,
52,2613630.878883836,1267280.5161650002,211.95670666666712,440,253.0556,41.09889333333288,MIN
52,2613648.8508133334,1267290.8922633333,211.95670666666712,441,253.3915,41.43479333333289,
53,2613677.2815066664,1267229.2225333333,212.16365333333334,442,253.1348,40.97114666666667,
53,2613695.0225335844,1267239.46532,212.16365333333334,443,253.4024,41.23874666666666,
53,2613695.0225335844,1267218.9797466667,212.16365333333334,444,252.7045,40.54084666666665,MIN
53,2613677.2815066664,1267208.7369600001,212.16365333333334,445,253.3569,41.19324666666665,
53,2613659.5404797485,1267218.9797466667,212.16365333333334,446,253.1987,41.03504666666666,
53,2613659.5404797485,1267239.46532,212.16365333333334,447,253.7205,41.556846666666644,
53,2613677.2815066664,1267249.7081066666,212.16365333333334,448,253.55599999999998,41.39234666666664,
54,2613705.7122,1267188.3050000002,212.3705999999999,449,253.9214,41.550800000000095,
54,2613723.704224174,1267198.6927000002,212.3705999999999,450,253.9179,41.54730000000009,
54,2613723.704224174,1267177.9173,212.3705999999999,451,254.2931,41.9225000000001,
54,2613705.7122,1267167.5296000002,212.3705999999999,452,254.6577,42.287100000000095,
54,2613687.720175826,1267177.9173,212.3705999999999,453,253.8672,41.496600000000086,
54,2613687.720175826,1267198.6927000002,212.3705999999999,454,253.4406,41.07000000000008,
54,2613705.7122,1267209.0804,212.3705999999999,455,252.7186,40.3480000000001,MIN
55,2613734.142893333,1267147.3874666668,212.57754666666614,456,253.43400000000003,40.85645333333389,
55,2613751.8342565806,1267157.60158,212.57754666666614,457,253.96599999999998,41.38845333333384,
55,2613751.8342565806,1267137.1733533335,212.57754666666614,458,253.0189,40.441353333333865,
55,2613734.142893333,1267126.95924,212.57754666666614,459,251.4183,38.84075333333385,MIN
55,2613716.4515300854,1267137.1733533335,212.57754666666614,460,255.1081,42.53055333333387,
55,2613716.4515300854,1267157.60158,212.57754666666614,461,255.1828,42.60525333333385,
55,2613734.142893333,1267167.8156933335,212.57754666666614,462,254.6761,42.098553333333854,
56,2613762.5735866665,1267106.4699333333,212.78449333333347,463,255.0943,42.30980666666653,
56,2613780.894270368,1267117.047385,212.78449333333347,464,255.278,42.49350666666652,
56,2613780.894270368,1267095.8924816668,212.78449333333347,465,255.4856,42.70110666666653,
56,2613762.5735866665,1267085.31503,212.78449333333347,466,255.4513,42.66680666666653,
56,2613744.252902965,1267095.8924816668,212.78449333333347,467,255.0174,42.23290666666654,
56,2613744.252902965,1267117.047385,212.78449333333347,468,252.9463,40.161806666666536,MIN
56,2613762.5735866665,1267127.6248366667,212.78449333333347,469,253.9448,41.160306666666514,
57,2613791.00428,1267065.5524000002,212.99144,470,255.7565,42.76505999999998,
57,2613809.522094177,1267076.2436650002,212.99144,471,255.74,42.74856,
57,2613809.522094177,1267054.8611350001,212.99144,472,256.4032,43.411760000000015,
57,2613791.00428,1267044.16987,212.99144,473,256.4899,43.498459999999966,
57,2613772.486465823,1267054.8611350001,212.99144,474,256.2439,43.252459999999985,
57,2613772.486465823,1267076.2436650002,212.99144,475,255.477,42.48555999999999,
57,2613791.00428,1267086.9349300002,212.99144,476,255.1048,42.11336,MIN
58,2613819.434973333,1267024.6348666667,213.19838666666627,477,257.0817,43.883313333333746,
58,2613838.4370054076,1267035.6056950002,213.19838666666627,478,256.4379,43.23951333333375,MIN
58,2613838.4370054076,1267013.6640383333,213.19838666666627,479,256.5475,43.34911333333375,
58,2613819.434973333,1267002.6932100002,213.19838666666627,480,256.9298,43.731413333333734,
58,2613800.4329412584,1267013.6640383333,213.19838666666627,481,256.9703,43.77191333333374,
58,2613800.4329412584,1267035.6056950002,213.19838666666627,482,256.868,43.66961333333373,
58,2613819.434973333,1267046.5765233333,213.19838666666627,483,256.7216,43.52321333333376,
59,2613847.8656666665,1266983.7173333333,213.4053333333336,484,256.6878,43.28246666666638,
59,2613866.6075245026,1266994.53795,213.4053333333336,485,256.5525,43.14716666666641,MIN
59,2613866.6075245026,1266972.8967166666,213.4053333333336,486,256.7996,43.3942666666664,
59,2613847.8656666665,1266962.0761,213.4053333333336,487,257.004,43.59866666666642,
59,2613829.1238088305,1266972.8967166666,213.4053333333336,488,256.7847,43.379366666666385,
59,2613829.1238088305,1266994.53795,213.4053333333336,489,256.693,43.28766666666638,
59,2613847.8656666665,1267005.3585666667,213.4053333333336,490,256.6788,43.27346666666642,
60,2613876.29636,1266942.7998000002,213.61228000000014,491,257.6366,44.02431999999985,
60,2613895.359449752,1266953.80588,213.61228000000014,492,257.6507,44.03841999999983,
60,2613895.359449752,1266931.7937200002,213.61228000000014,493,257.547,43.934719999999885,
60,2613876.29636,1266920.7876400002,213.61228000000014,494,257.6209,44.008619999999866,
60,2613857.233270248,1266931.7937200002,213.61228000000014,495,257.3497,43.737419999999844,
60,2613857.233270248,1266953.80588,213.61228000000014,496,257.176,43.56371999999985,MIN
60,2613876.29636,1266964.81196,213.61228000000014,497,257.6713,44.05901999999983,
61,2613904.727053333,1266901.8822666667,213.8192266666664,498,257.9555,44.13627333333358,
61,2613923.8386203004,1266912.916335,213.8192266666664,499,257.8414,44.022173333333626,
61,2613923.8386203004,1266890.8481983335,213.8192266666664,500,257.8934,44.07417333333359,
61,2613904.727053333,1266879.81413,213.8192266666664,501,258.0489,44.22967333333361,
61,2613885.6154863657,1266890.8481983335,213.8192266666664,502,257.9136,44.09437333333358,
61,2613885.6154863657,1266912.916335,213.8192266666664,503,257.639,43.819773333333615,MIN
61,2613904.727053333,1266923.9504033334,213.8192266666664,504,257.6626,43.8433733333336,
62,2613933.1577466666,1266860.9647333333,214.02617333333373,505,258.3494,44.32322666666627,
62,2613952.350266802,1266872.04554,214.02617333333373,506,257.968,43.94182666666629,
62,2613952.350266802,1266849.8839266666,214.02617333333373,507,258.3817,44.35552666666629,
62,2613933.1577466666,1266838.80312,214.02617333333373,508,258.593,44.56682666666629,
62,2613913.965226531,1266849.8839266666,214.02617333333373,509,258.33799999999997,44.311826666666235,
62,2613913.965226531,1266872.04554,214.02617333333373,510,258.1934,44.16722666666627,
62,2613933.1577466666,1266883.1263466666,214.02617333333373,511,257.9394,43.91322666666625,MIN
63,2613961.58844,1266820.0472000001,214.23312000000027,512,258.7238,44.49067999999971,
63,2613980.8534695557,1266831.16987,214.23312000000027,513,257.9749,43.74177999999972,
63,2613980.8534695557,1266808.9245300002,214.23312000000027,514,257.4884,43.25527999999974,MIN
63,2613961.58844,1266797.8018600002,214.23312000000027,515,259.5875,45.35437999999971,
63,2613942.3234104444,1266808.9245300002,214.23312000000027,516,258.9418,44.70867999999973,
63,2613942.3234104444,1266831.16987,214.23312000000027,517,258.678,44.44487999999973,
63,2613961.58844,1266842.29254,214.23312000000027,518,258.4236,44.19047999999975,
64,2613990.019133333,1266779.1296666667,214.4400666666665,519,257.8662,43.426133333333496,
64,2614008.8232006603,1266789.9862000002,214.4400666666665,520,257.4489,43.008833333333484,MIN
64,2614008.8232006603,1266768.2731333333,214.4400666666665,521,257.6801,43.240033333333486,
64,2613990.019133333,1266757.4166,214.4400666666665,522,260.128,45.68793333333349,
64,2613971.215066006,1266768.2731333333,214.4400666666665,523,260.5155,46.07543333333348,
64,2613971.215066006,1266789.9862000002,214.4400666666665,524,260.0337,45.593633333333514,
64,2613990.019133333,1266800.8427333334,214.4400666666665,525,257.5714,43.13133333333349,
65,2614018.4498266666,1266738.2121333333,214.64701333333383,526,257.6814,43.034386666666165,MIN
65,2614037.0842627115,1266748.97073,214.64701333333383,527,258.1373,43.49028666666615,
65,2614037.0842627115,1266727.4535366667,214.64701333333383,528,257.7167,43.06968666666617,
65,2614018.4498266666,1266716.69494,214.64701333333383,529,262.3049,47.657886666666144,
65,2613999.815390622,1266727.4535366667,214.64701333333383,530,261.85,47.20298666666619,
65,2613999.815390622,1266748.97073,214.64701333333383,531,261.3168,46.66978666666617,
65,2614018.4498266666,1266759.7293266666,214.64701333333383,532,258.3558,43.70878666666616,
66,2614046.8805199997,1266697.2946000001,214.8539599999993,533,258.2631,43.40914000000072,
66,2614065.677228998,1266708.1468850002,214.8539599999993,534,258.0255,43.17154000000073,MIN
66,2614065.677228998,1266686.442315,214.8539599999993,535,262.0536,47.19964000000073,
66,2614046.8805199997,1266675.59003,214.8539599999993,536,263.8906,49.036640000000716,
66,2614028.0838110014,1266686.442315,214.8539599999993,537,263.3838,48.52984000000072,
66,2614028.0838110014,1266708.1468850002,214.8539599999993,538,261.0679,46.21394000000072,
66,2614046.8805199997,1266718.9991700002,214.8539599999993,539,258.9757,44.12174000000073,
67,2614075.311213333,1266656.3770666667,215.06090666666663,540,265.0537,49.99279333333337,
67,2614094.8541831956,1266671.9620650716,215.06090666666663,541,265.3837,50.32279333333335,
67,2614099.6808981476,1266650.814845135,215.06090666666663,542,265.8786,50.81769333333338,
67,2614086.1567433835,1266633.8560914602,215.06090666666663,543,265.8866,50.82569333333336,
67,2614064.465683283,1266633.8560914602,215.06090666666663,544,265.2543,50.193393333333375,
67,2614050.9415285187,1266650.814845135,215.06090666666663,545,264.6395,49.57859333333337,
67,2614055.7682434707,1266671.9620650716,215.06090666666663,546,264.5457,49.484793333333386,
67,2614075.311213333,1266681.3734633334,215.06090666666663,547,261.7696,46.7086933333334,MIN
68,2614103.7419066667,1266615.4595333333,215.26785333333396,548,266.2068,50.93894666666603,
68,2614121.751543974,1266633.4691706405,215.26785333333396,549,266.7361,51.46824666666606,
68,2614129.21138,1266615.4595333333,215.26785333333396,550,266.1531,50.885246666666035,
68,2614121.751543974,1266597.4498960262,215.26785333333396,551,272.4028,57.13494666666605,
68,2614103.7419066667,1266589.99006,215.26785333333396,552,267.1243,51.856446666666045,
68,2614085.7322693593,1266597.4498960262,215.26785333333396,553,266.5046,51.23674666666602,
68,2614078.272433333,1266615.4595333333,215.26785333333396,554,265.843,50.57514666666606,MIN
68,2614085.7322693593,1266633.4691706405,215.26785333333396,555,265.8866,50.61874666666603,
68,2614103.7419066667,1266640.9290066666,215.26785333333396,556,266.0478,50.779946666666035,
69,2614132.1725999997,1266574.5420000001,215.4747999999994,557,270.0996,54.62480000000062,
69,2614151.4853832503,1266593.8547832507,215.4747999999994,558,273.2624,57.78760000000062,
69,2614159.485,1266574.5420000001,215.4747999999994,559,272.0292,56.55440000000061,
69,2614151.4853832503,1266555.2292167495,215.4747999999994,560,270.5714,55.09660000000059,
69,2614132.1725999997,1266547.2296000002,215.4747999999994,561,268.781,53.306200000000615,
69,2614112.859816749,1266555.2292167495,215.4747999999994,562,267.9075,52.43270000000064,
69,2614104.8601999995,1266574.5420000001,215.4747999999994,563,267.3995,51.9247000000006,MIN
69,2614112.859816749,1266593.8547832507,215.4747999999994,564,267.7581,52.28330000000062,
69,2614132.1725999997,1266601.8544,215.4747999999994,565,273.3425,57.86770000000058,
70,2614160.603293333,1266533.6244666667,215.68174666666675,566,272.7822,57.100453333333235,
70,2614180.791352214,1266553.812525547,215.68174666666675,567,272.6207,56.938953333333245,
70,2614189.1535199997,1266533.6244666667,215.68174666666675,568,272.5462,56.864453333333245,
70,2614180.791352214,1266513.4364077863,215.68174666666675,569,272.8653,57.183553333333236,
70,2614160.603293333,1266505.07424,215.68174666666675,570,270.0562,54.374453333333236,
70,2614140.4152344526,1266513.4364077863,215.68174666666675,571,269.4998,53.81805333333324,
70,2614132.0530666667,1266533.6244666667,215.68174666666675,572,268.8936,53.21185333333324,MIN
70,2614140.4152344526,1266553.812525547,215.68174666666675,573,269.9879,54.30615333333327,
70,2614160.603293333,1266562.1746933335,215.68174666666675,574,271.3002,55.618453333333264,
71,2614189.0339866667,1266492.7069333333,215.8886933333341,575,270.9283,55.03960666666589,
71,2614208.4934262205,1266512.1663728873,215.8886933333341,576,273.0625,57.17380666666591,
71,2614216.5537900003,1266492.7069333333,215.8886933333341,577,272.5006,56.61190666666593,
71,2614208.4934262205,1266473.2474937793,215.8886933333341,578,272.3047,56.416006666665936,
71,2614189.0339866667,1266465.18713,215.8886933333341,579,272.8947,57.00600666666591,
71,2614169.574547113,1266473.2474937793,215.8886933333341,580,272.6894,56.80070666666589,
71,2614161.514183333,1266492.7069333333,215.8886933333341,581,270.8375,54.94880666666589,
71,2614169.574547113,1266512.1663728873,215.8886933333341,582,270.0038,54.11510666666592,MIN
71,2614189.0339866667,1266520.2267366666,215.8886933333341,583,272.5832,56.69450666666589,
72,2614217.4646799997,1266451.7894000001,216.09563999999952,584,273.1872,57.0915600000005,
72,2614237.649594612,1266471.9743146123,216.09563999999952,585,272.3214,56.22576000000046,
72,2614246.0104599996,1266451.7894000001,216.09563999999952,586,273.4823,57.38666000000049,
72,2614237.649594612,1266431.604485388,216.09563999999952,587,273.1642,57.068560000000474,
72,2614217.4646799997,1266423.24362,216.09563999999952,588,273.3465,57.25086000000047,
72,2614197.2797653875,1266431.604485388,216.09563999999952,589,272.9838,56.888160000000454,
72,2614188.9189,1266451.7894000001,216.09563999999952,590,272.9224,56.82676000000046,
72,2614197.2797653875,1266471.9743146123,216.09563999999952,591,271.7707,55.67506000000046,MIN
72,2614217.4646799997,1266480.3351800002,216.09563999999952,592,271.8243,55.728660000000474,
73,2614245.8953733332,1266410.8718666667,216.30258666666685,593,273.3739,57.07131333333314,
73,2614266.073129668,1266431.0496230014,216.30258666666685,594,273.4109,57.10831333333317,
73,2614274.43103,1266410.8718666667,216.30258666666685,595,273.3779,57.075313333333156,
73,2614266.073129668,1266390.694110332,216.30258666666685,596,272.9266,56.62401333333315,MIN
73,2614245.8953733332,1266382.33621,216.30258666666685,597,273.3039,57.001313333333144,
73,2614225.7176169986,1266390.694110332,216.30258666666685,598,273.3631,57.06051333333312,
73,2614217.3597166664,1266410.8718666667,216.30258666666685,599,273.2254,56.922813333333124,
73,2614225.7176169986,1266431.0496230014,216.30258666666685,600,273.0963,56.79371333333313,
73,2614245.8953733332,1266439.4075233333,216.30258666666685,601,273.2801,56.97751333333315,
74,2614274.3260666667,1266369.9543333335,216.50953333333342,602,273.444,56.934466666666594,
74,2614294.4554403983,1266390.083707065,216.50953333333342,603,273.142,56.63246666666657,MIN
74,2614302.7933,1266369.9543333335,216.50953333333342,604,273.2633,56.75376666666659,
74,2614294.4554403983,1266349.824959602,216.50953333333342,605,273.4437,56.934166666666556,
74,2614274.3260666667,1266341.4871000003,216.50953333333342,606,273.36,56.85046666666659,
74,2614254.196692935,1266349.824959602,216.50953333333342,607,273.308,56.79846666666657,
74,2614245.8588333335,1266369.9543333335,216.50953333333342,608,273.5877,57.07816666666656,
74,2614254.196692935,1266390.083707065,216.50953333333342,609,273.5742,57.0646666666666,
74,2614274.3260666667,1266398.4215666668,216.50953333333342,610,273.1872,56.677666666666596,
75,2614302.75676,1266329.0368000001,216.71647999999965,611,273.8115,57.095020000000375,
75,2614322.942897907,1266349.222937907,216.71647999999965,612,275.1341,58.41762000000034,
75,2614331.3042699997,1266329.0368000001,216.71647999999965,613,273.6455,56.92902000000038,
75,2614322.942897907,1266308.8506620931,216.71647999999965,614,273.964,57.24752000000035,
75,2614302.75676,1266300.4892900002,216.71647999999965,615,274.0479,57.33142000000038,
75,2614282.5706220926,1266308.8506620931,216.71647999999965,616,273.5934,56.876920000000325,
75,2614274.20925,1266329.0368000001,216.71647999999965,617,273.7612,57.044720000000325,
75,2614282.5706220926,1266349.222937907,216.71647999999965,618,273.4417,56.72522000000038,MIN
75,2614302.75676,1266357.58431,216.71647999999965,619,273.5092,56.79272000000037,
76,2614331.1874533333,1266288.1192666667,216.92342666666698,620,274.0267,57.10327333333302,
76,2614351.3765092343,1266308.3083225677,216.92342666666698,621,273.9462,57.02277333333299,
76,2614359.73909,1266288.1192666667,216.92342666666698,622,274.1257,57.20227333333301,
76,2614351.3765092343,1266267.9302107657,216.92342666666698,623,273.58799999999997,56.66457333333298,
76,2614331.1874533333,1266259.56763,216.92342666666698,624,273.9342,57.01077333333299,
76,2614310.9983974323,1266267.9302107657,216.92342666666698,625,273.9458,57.022373333333036,
76,2614302.6358166668,1266288.1192666667,216.92342666666698,626,273.9997,57.076273333333035,
76,2614310.9983974323,1266308.3083225677,216.92342666666698,627,274.0392,57.11577333333301,
76,2614331.1874533333,1266316.6709033335,216.92342666666698,628,273.5175,56.594073333333,MIN
77,2614359.618146667,1266247.2017333335,217.13037333333352,629,273.8751,56.74472666666645,
77,2614379.680437178,1266267.2640238449,217.13037333333352,630,274.0935,56.96312666666648,
77,2614387.99051,1266247.2017333335,217.13037333333352,631,273.8229,56.69252666666648,
77,2614379.680437178,1266227.1394428222,217.13037333333352,632,273.8731,56.7427266666665,
77,2614359.618146667,1266218.8293700002,217.13037333333352,633,273.8172,56.68682666666649,
77,2614339.5558561557,1266227.1394428222,217.13037333333352,634,273.7864,56.65602666666649,MIN
77,2614331.2457833337,1266247.2017333335,217.13037333333352,635,273.9719,56.84152666666648,
77,2614339.5558561557,1266267.2640238449,217.13037333333352,636,274.1401,57.009726666666495,
77,2614359.618146667,1266275.5740966669,217.13037333333352,637,274.048,56.91762666666648,
78,2614388.04884,1266206.2842,217.33731999999978,638,273.9043,56.5669800000002,
78,2614408.0482875747,1266226.2836475747,217.33731999999978,639,274.5077,57.17038000000022,
78,2614416.3323299997,1266206.2842,217.33731999999978,640,274.131,56.793680000000194,
78,2614408.0482875747,1266186.2847524255,217.33731999999978,641,274.0995,56.7621800000002,
78,2614388.04884,1266178.00071,217.33731999999978,642,273.7447,56.407380000000245,
78,2614368.049392425,1266186.2847524255,217.33731999999978,643,273.8191,56.481780000000214,
78,2614359.76535,1266206.2842,217.33731999999978,644,273.9909,56.65358000000023,
78,2614368.049392425,1266226.2836475747,217.33731999999978,645,273.7616,56.42428000000021,
78,2614388.04884,1266234.5676900002,217.33731999999978,646,273.0361,55.6987800000002,MIN
79,2614416.4795333333,1266165.3666666667,217.5442666666671,647,274.6234,57.07913333333289,
79,2614436.6600544555,1266185.5471877889,217.5442666666671,648,274.2309,56.68663333333291,
79,2614445.0191,1266165.3666666667,217.5442666666671,649,274.2706,56.72633333333289,
79,2614436.6600544555,1266145.1861455445,217.5442666666671,650,274.5706,57.0263333333329,
79,2614416.4795333333,1266136.8271,217.5442666666671,651,274.2679,56.723633333332884,
79,2614396.299012211,1266145.1861455445,217.5442666666671,652,274.6031,57.05883333333287,
79,2614387.9399666665,1266165.3666666667,217.5442666666671,653,274.1004,56.556133333332866,
79,2614396.299012211,1266185.5471877889,217.5442666666671,654,274.1393,56.59503333333288,
79,2614416.4795333333,1266193.9062333333,217.5442666666671,655,273.394,55.84973333333289,MIN
80,2614444.9102266664,1266124.4491333335,217.75121333333254,656,274.1653,56.41408666666746,
80,2614464.8556182845,1266144.3945249517,217.75121333333254,657,273.3664,55.615186666667455,
80,2614473.11727,1266124.4491333335,217.75121333333254,658,273.7997,56.04848666666743,
80,2614464.8556182845,1266104.5037417153,217.75121333333254,659,273.3212,55.56998666666743,MIN
80,2614444.9102266664,1266096.24209,217.75121333333254,660,273.9418,56.19058666666746,
80,2614424.964835048,1266104.5037417153,217.75121333333254,661,274.5764,56.825186666667435,
80,2614416.703183333,1266124.4491333335,217.75121333333254,662,274.7892,57.03798666666745,
80,2614424.964835048,1266144.3945249517,217.75121333333254,663,274.3744,56.623186666667436,
80,2614444.9102266664,1266152.656176667,217.75121333333254,664,274.2417,56.49048666666744,
81,2614473.34092,1266083.5316,217.95815999999988,665,273.7902,55.83204000000015,
81,2614493.0805270458,1266103.2712070458,217.95815999999988,666,273.9113,55.953140000000104,
81,2614501.2569399998,1266083.5316,217.95815999999988,667,273.3174,55.35924000000014,MIN
81,2614493.0805270458,1266063.7919929544,217.95815999999988,668,274.226,56.26784000000012,
81,2614473.34092,1266055.6155800002,217.95815999999988,669,274.2244,56.266240000000124,
81,2614453.601312954,1266063.7919929544,217.95815999999988,670,274.3964,56.43824000000015,
81,2614445.4249,1266083.5316,217.95815999999988,671,274.0153,56.057140000000146,
81,2614453.601312954,1266103.2712070458,217.95815999999988,672,273.3278,55.369640000000146,
81,2614473.34092,1266111.44762,217.95815999999988,673,273.5562,55.59804000000011,
82,2614501.7716133334,1266042.6140666667,218.1651066666672,674,274.0067,55.84159333333281,
82,2614521.5145979924,1266062.3570513257,218.1651066666672,675,274.4274,56.262293333332764,
82,2614529.69241,1266042.6140666667,218.1651066666672,676,273.6432,55.478093333332765,
82,2614521.5145979924,1266022.8710820077,218.1651066666672,677,273.5083,55.343193333332806,
82,2614501.7716133334,1266014.69327,218.1651066666672,678,270.6461,52.480993333332776,MIN
82,2614482.0286286743,1266022.8710820077,218.1651066666672,679,273.0977,54.93259333333276,
82,2614473.8508166666,1266042.6140666667,218.1651066666672,680,274.0738,55.90869333333279,
82,2614482.0286286743,1266062.3570513257,218.1651066666672,681,274.014,55.848893333332796,
82,2614501.7716133334,1266070.5348633335,218.1651066666672,682,274.1567,55.99159333333279,
83,2614530.2023066664,1266001.6965333335,218.37205333333267,683,271.3964,53.024346666667356,
83,2614548.949244214,1266020.4434708816,218.37205333333267,684,273.2457,54.87364666666733,
83,2614556.7144799996,1266001.6965333335,218.37205333333267,685,273.0218,54.64974666666731,
83,2614548.949244214,1265982.9495957855,218.37205333333267,686,273.0926,54.72054666666733,
83,2614530.2023066664,1265975.18436,218.37205333333267,687,272.188,53.815946666667315,
83,2614511.4553691186,1265982.9495957855,218.37205333333267,688,272.4366,54.064546666667326,
83,2614503.690133333,1266001.6965333335,218.37205333333267,689,270.7125,52.340446666667304,MIN
83,2614511.4553691186,1266020.4434708816,218.37205333333267,690,273.3733,55.0012466666673,
83,2614530.2023066664,1266028.208706667,218.37205333333267,691,273.3897,55.01764666666733,
84,2614558.633,1265960.779,218.579,692,269.381,50.801999999999964,
84,2614578.492301486,1265976.616264457,218.579,693,271.4959,52.9169,
84,2614583.397143897,1265955.1267457567,218.579,694,273.1143,54.53530000000001,
84,2614569.654080857,1265937.8934897864,218.579,695,273.1704,54.591399999999965,
84,2614547.611919143,1265937.8934897864,218.579,696,269.251,50.67199999999997,MIN
84,2614533.8688561027,1265955.1267457567,218.579,697,272.6834,54.1044,
84,2614538.773698514,1265976.616264457,218.579,698,272.5827,54.00369999999998,
84,2614558.633,1265986.1800000002,218.579,699,269.5226,50.9436,
